symbol,entry_datetime,exit_datetime,entry_price,exit_price,quantity,pnl,exit_reason
JIOFIN_MINUTE,2023-08-25T10:00:00.000000+0530,2023-08-25T10:05:00.000000+0530,211.84236,218.1232156201615,94,573.1495034956168,TP
JIOFIN_MINUTE,2023-08-25T13:55:00.000000+0530,2023-08-25T14:10:00.000000+0530,219.84396,217.3252580861547,91,-246.0807434351361,TSL
JIOFIN_MINUTE,2023-08-25T14:15:00.000000+0530,2023-08-25T14:35:00.000000+0530,218.34366,215.7794284076817,91,-250.10561721076886,TSL
JIOFIN_MINUTE,2023-08-28T11:55:00.000000+0530,2023-08-28T14:20:00.000000+0530,217.0434,219.8206830805432,92,238.39671900609767,TSL
JIOFIN_MINUTE,2023-08-28T14:30:00.000000+0530,2023-08-28T15:00:00.000000+0530,217.84356,214.78262096667336,92,-298.486873942966,TSL
JIOFIN_MINUTE,2023-08-29T09:25:00.000000+0530,2023-08-29T11:50:00.000000+0530,210.24203999999997,216.2356479584072,95,552.1025453028614,TSL
JIOFIN_MINUTE,2023-08-29T13:25:00.000000+0530,2023-08-29T14:10:00.000000+0530,216.04319999999998,216.074914413711,93,-14.130396677137323,TSL
JIOFIN_MINUTE,2023-08-31T10:15:00.000000+0530,2023-08-31T13:55:00.000000+0530,242.74854,242.73299956783663,82,-18.193187801902372,TSL
JIOFIN_MINUTE,2023-08-31T14:10:00.000000+0530,2023-08-31T15:00:00.000000+0530,242.0484,241.97012949285715,83,-23.569393664204107,TSL
JIOFIN_MINUTE,2023-09-04T13:40:00.000000+0530,2023-09-04T13:55:00.000000+0530,255.85116,253.94580287959374,78,-165.49904747922162,TSL
JIOFIN_MINUTE,2023-09-04T14:10:00.000000+0530,2023-09-04T15:15:00.000000+0530,253.5507,253.24934000000002,79,-40.8202754130005,EOD
JIOFIN_MINUTE,2023-09-05T10:50:00.000000+0530,2023-09-05T12:10:00.000000+0530,257.70153,258.16088064061177,77,18.483980688977603,TSL
JIOFIN_MINUTE,2023-09-05T12:50:00.000000+0530,2023-09-05T14:00:00.000000+0530,254.65091999999999,255.98953713894375,78,87.47135416635021,TSL
JIOFIN_MINUTE,2023-09-06T09:55:00.000000+0530,2023-09-06T11:10:00.000000+0530,248.84976,252.18937576050462,80,250.10053406690602,TSL
JIOFIN_MINUTE,2023-09-06T14:35:00.000000+0530,2023-09-06T15:05:00.000000+0530,250.90017,254.58479842519202,80,277.54693880465334,TP
JIOFIN_MINUTE,2023-09-07T14:30:00.000000+0530,2023-09-07T14:45:00.000000+0530,252.90057,252.06644451212813,80,-83.8905762682796,TSL
JIOFIN_MINUTE,2023-09-08T10:35:00.000000+0530,2023-09-08T12:50:00.000000+0530,250.45008,252.66434171591524,80,160.0129043177157,TSL
JIOFIN_MINUTE,2023-09-08T13:05:00.000000+0530,2023-09-08T14:30:00.000000+0530,252.65052,253.7959812140466,80,74.40626147030993,TSL
JIOFIN_MINUTE,2023-09-11T12:00:00.000000+0530,2023-09-11T12:30:00.000000+0530,252.65052,251.97022676757422,80,-71.5737610518345,TSL
JIOFIN_MINUTE,2023-09-11T13:00:00.000000+0530,2023-09-11T13:40:00.000000+0530,252.0504,251.2272862785561,80,-82.9523079117653,TSL
JIOFIN_MINUTE,2023-09-11T13:50:00.000000+0530,2023-09-11T14:35:00.000000+0530,251.40026999999998,251.05359494240622,80,-44.81396926497005,TSL
JIOFIN_MINUTE,2023-09-11T14:45:00.000000+0530,2023-09-11T15:15:00.000000+0530,250.90017,249.99999000000003,80,-89.03600363999638,EOD
JIOFIN_MINUTE,2023-09-12T09:55:00.000000+0530,2023-09-12T10:25:00.000000+0530,245.44908,244.30460665878928,82,-110.90299910758992,TSL
JIOFIN_MINUTE,2023-09-12T10:35:00.000000+0530,2023-09-12T12:15:00.000000+0530,244.44888,246.17843295053805,82,124.70725217005106,TSL
JIOFIN_MINUTE,2023-09-12T12:45:00.000000+0530,2023-09-12T13:30:00.000000+0530,245.19903,247.35448412917367,82,159.55965522001532,TP
JIOFIN_MINUTE,2023-09-13T09:15:00.000000+0530,2023-09-13T09:35:00.000000+0530,244.94898,245.68395557386134,82,43.161905752246646,TSL
JIOFIN_MINUTE,2023-09-13T09:45:00.000000+0530,2023-09-13T10:15:00.000000+0530,242.99858999999998,241.45674517148024,83,-145.0462860752174,TSL
JIOFIN_MINUTE,2023-09-13T10:55:00.000000+0530,2023-09-13T13:25:00.000000+0530,239.19783,241.74730951011853,84,196.95976783458661,TSL
JIOFIN_MINUTE,2023-09-14T13:45:00.000000+0530,2023-09-14T14:40:00.000000+0530,242.14842,242.34574640995984,83,-0.7144869549456274,TSL
JIOFIN_MINUTE,2023-09-15T10:30:00.000000+0530,2023-09-15T11:15:00.000000+0530,241.94838000000001,240.92203375755315,83,-102.20934362612002,TSL
JIOFIN_MINUTE,2023-09-15T12:45:00.000000+0530,2023-09-15T15:05:00.000000+0530,240.74813999999998,241.44370747252364,84,41.20611527875656,TSL
JIOFIN_MINUTE,2023-09-18T09:50:00.000000+0530,2023-09-18T10:10:00.000000+0530,238.5477,237.0709958801163,85,-142.68588559750953,TSL
JIOFIN_MINUTE,2023-09-18T10:15:00.000000+0530,2023-09-18T10:40:00.000000+0530,237.04739999999998,235.70655815085095,85,-131.035547471221,TSL
JIOFIN_MINUTE,2023-09-18T10:45:00.000000+0530,2023-09-18T12:10:00.000000+0530,236.29725,235.61258332546967,85,-75.23713548054555,TSL
JIOFIN_MINUTE,2023-09-18T12:55:00.000000+0530,2023-09-18T14:30:00.000000+0530,235.09701,234.68665423935536,86,-52.45677701896271,TSL
JIOFIN_MINUTE,2023-09-20T09:55:00.000000+0530,2023-09-20T11:05:00.000000+0530,230.046,230.1888824643374,87,-4.587964228563564,TSL
JIOFIN_MINUTE,2023-09-20T14:15:00.000000+0530,2023-09-20T15:15:00.000000+0530,229.74594,229.60407,88,-29.66268980400078,EOD
JIOFIN_MINUTE,2023-09-21T14:30:00.000000+0530,2023-09-21T14:50:00.000000+0530,229.79595,229.04706060313,88,-83.05475773775203,TSL
JIOFIN_MINUTE,2023-09-22T10:20:00.000000+0530,2023-09-22T11:45:00.000000+0530,227.29545,227.48852081855887,88,-0.020812254436137323,TSL
JIOFIN_MINUTE,2023-09-22T13:00:00.000000+0530,2023-09-22T15:15:00.000000+0530,227.39547,227.80443,88,18.95950518000362,EOD
JIOFIN_MINUTE,2023-09-25T10:20:00.000000+0530,2023-09-25T12:35:00.000000+0530,228.14561999999998,229.14510130010547,88,70.84068713835612,TSL
JIOFIN_MINUTE,2023-09-26T13:05:00.000000+0530,2023-09-26T14:05:00.000000+0530,230.64612,230.53455732138022,87,-26.756895339748173,TSL
JIOFIN_MINUTE,2023-09-27T09:40:00.000000+0530,2023-09-27T10:55:00.000000+0530,229.29585,228.7314513062509,88,-66.79109773314384,TSL
JIOFIN_MINUTE,2023-09-27T12:45:00.000000+0530,2023-09-27T13:45:00.000000+0530,227.84556,227.4625782370694,88,-50.72670670856472,TSL
JIOFIN_MINUTE,2023-09-27T14:05:00.000000+0530,2023-09-27T15:00:00.000000+0530,227.44548,227.30570740513855,88,-29.306145258216514,TSL
JIOFIN_MINUTE,2023-09-28T09:50:00.000000+0530,2023-09-28T11:10:00.000000+0530,226.39526999999998,226.079222633126,89,-45.23954730867607,TSL
JIOFIN_MINUTE,2023-09-28T11:30:00.000000+0530,2023-09-28T12:55:00.000000+0530,225.89516999999998,225.7207300404831,89,-32.60558717148669,TSL
JIOFIN_MINUTE,2023-09-28T13:05:00.000000+0530,2023-09-28T15:05:00.000000+0530,225.44508,225.30966109514344,89,-29.10057407884049,TSL
JIOFIN_MINUTE,2023-10-03T14:10:00.000000+0530,2023-10-03T15:15:00.000000+0530,231.94638,231.40371,87,-64.33875804150313,EOD
JIOFIN_MINUTE,2023-10-04T09:35:00.000000+0530,2023-10-04T10:15:00.000000+0530,228.69573,227.86836257450594,88,-89.87472946408383,TSL
JIOFIN_MINUTE,2023-10-04T10:25:00.000000+0530,2023-10-04T11:45:00.000000+0530,227.89557,227.25005105267016,88,-73.82101288397729,TSL
JIOFIN_MINUTE,2023-10-04T12:45:00.000000+0530,2023-10-04T13:55:00.000000+0530,224.74493999999999,223.79593060236098,89,-101.41733709085543,TSL
JIOFIN_MINUTE,2023-10-04T14:00:00.000000+0530,2023-10-04T15:15:00.000000+0530,223.99479,224.50509000000002,90,28.76613871500332,EOD
JIOFIN_MINUTE,2023-10-06T09:15:00.000000+0530,2023-10-06T09:45:00.000000+0530,227.49549,226.1140643032169,88,-138.51526296518927,TSL
JIOFIN_MINUTE,2023-10-06T12:20:00.000000+0530,2023-10-06T13:30:00.000000+0530,224.09481,224.29328666732104,89,0.7019355822068363,TSL
JIOFIN_MINUTE,2023-10-09T09:30:00.000000+0530,2023-10-09T11:15:00.000000+0530,220.89417,221.29201340186827,91,19.097673458249808,TSL
JIOFIN_MINUTE,2023-10-09T13:15:00.000000+0530,2023-10-09T14:00:00.000000+0530,220.34406,219.91621802037702,91,-55.955819695613435,TSL
JIOFIN_MINUTE,2023-10-10T12:20:00.000000+0530,2023-10-10T12:35:00.000000+0530,222.29444999999998,221.58206046845825,90,-81.08531998194559,TSL
JIOFIN_MINUTE,2023-10-10T12:45:00.000000+0530,2023-10-10T12:55:00.000000+0530,221.79435,220.89762799782,90,-97.62786023209418,TSL
JIOFIN_MINUTE,2023-10-10T13:55:00.000000+0530,2023-10-10T15:05:00.000000+0530,220.24403999999998,219.939353777925,91,-44.747073157409346,TSL
JIOFIN_MINUTE,2023-10-11T13:00:00.000000+0530,2023-10-11T14:15:00.000000+0530,221.89436999999998,221.33964001321826,90,-66.87315898100954,TSL
JIOFIN_MINUTE,2023-10-11T14:25:00.000000+0530,2023-10-11T15:10:00.000000+0530,221.09421,222.46619996205007,90,106.49747601638441,TP
JIOFIN_MINUTE,2023-10-12T12:05:00.000000+0530,2023-10-12T12:40:00.000000+0530,226.14522,225.55554929029734,89,-69.55971467529582,TSL
JIOFIN_MINUTE,2023-10-12T13:05:00.000000+0530,2023-10-12T13:45:00.000000+0530,225.24504,224.94411829930007,89,-43.80708852104132,TSL
JIOFIN_MINUTE,2023-10-13T09:50:00.000000+0530,2023-10-13T10:15:00.000000+0530,223.49469,222.6603772794904,90,-92.14419015119515,TSL
JIOFIN_MINUTE,2023-10-13T10:30:00.000000+0530,2023-10-13T11:10:00.000000+0530,222.69453000000001,222.17969310510767,90,-63.345967659013766,TSL
JIOFIN_MINUTE,2023-10-13T11:15:00.000000+0530,2023-10-13T12:55:00.000000+0530,222.39446999999998,222.21862375330642,90,-32.83063476821065,TSL
JIOFIN_MINUTE,2023-10-17T11:15:00.000000+0530,2023-10-17T12:10:00.000000+0530,225.44508,225.12953128241693,89,-45.12331005716502,TSL
JIOFIN_MINUTE,2023-10-17T12:25:00.000000+0530,2023-10-17T13:00:00.000000+0530,225.045,224.4027272653993,89,-74.15548837909877,TSL
JIOFIN_MINUTE,2023-10-17T13:10:00.000000+0530,2023-10-17T13:25:00.000000+0530,224.54489999999998,224.00505142236187,89,-65.00691950691835,TSL
JIOFIN_MINUTE,2023-10-17T14:45:00.000000+0530,2023-10-17T15:00:00.000000+0530,222.19443,220.99368760210947,90,-125.0052529564515,TSL
JIOFIN_MINUTE,2023-10-18T09:30:00.000000+0530,2023-10-18T10:25:00.000000+0530,219.5439,219.4299280833068,91,-27.34746078965045,TSL
JIOFIN_MINUTE,2023-10-18T11:20:00.000000+0530,2023-10-18T11:55:00.000000+0530,218.49369,218.1424870431316,91,-48.842378288528764,TSL
JIOFIN_MINUTE,2023-10-18T13:35:00.000000+0530,2023-10-18T14:35:00.000000+0530,216.79335,216.39815367786895,92,-53.2913046721561,TSL
JIOFIN_MINUTE,2023-10-18T14:45:00.000000+0530,2023-10-18T14:55:00.000000+0530,216.5433,216.28368323246647,92,-40.805292064647915,TSL
JIOFIN_MINUTE,2023-10-19T10:00:00.000000+0530,2023-10-19T10:30:00.000000+0530,212.69253,211.5657721708042,94,-122.85111571163571,TSL
JIOFIN_MINUTE,2023-10-19T11:10:00.000000+0530,2023-10-19T13:15:00.000000+0530,210.14202,212.70187960786933,95,226.08394196807535,TP
JIOFIN_MINUTE,2023-10-20T11:40:00.000000+0530,2023-10-20T11:55:00.000000+0530,214.64292,214.03868832390583,93,-73.13016225252622,TSL
JIOFIN_MINUTE,2023-10-20T12:20:00.000000+0530,2023-10-20T12:40:00.000000+0530,214.0428,213.83503954742636,93,-36.23117848220021,TSL
JIOFIN_MINUTE,2023-10-20T13:40:00.000000+0530,2023-10-20T15:15:00.000000+0530,213.34266,214.00719,93,44.90256201749943,EOD
JIOFIN_MINUTE,2023-10-23T09:25:00.000000+0530,2023-10-23T10:05:00.000000+0530,213.69273,212.42314337342597,93,-134.89902722193565,TSL
JIOFIN_MINUTE,2023-10-23T10:35:00.000000+0530,2023-10-23T11:45:00.000000+0530,211.34226,210.1766623690207,94,-126.39216248853388,TSL
JIOFIN_MINUTE,2023-10-23T12:10:00.000000+0530,2023-10-23T13:00:00.000000+0530,209.79194999999999,209.25457908183796,95,-67.96285955741648,TSL
JIOFIN_MINUTE,2023-10-23T13:05:00.000000+0530,2023-10-23T13:30:00.000000+0530,209.44188,208.69839512868003,95,-87.50464750086908,TSL
JIOFIN_MINUTE,2023-10-23T13:45:00.000000+0530,2023-10-23T14:40:00.000000+0530,209.14182,208.60235851885955,95,-68.1088558109542,TSL
JIOFIN_MINUTE,2023-10-25T09:15:00.000000+0530,2023-10-25T10:40:00.000000+0530,210.09201000000002,210.454720082811,95,17.473576457716682,TSL
JIOFIN_MINUTE,2023-10-26T09:25:00.000000+0530,2023-10-26T11:30:00.000000+0530,208.34166000000002,210.93117818369717,95,229.04533608112888,TSL
JIOFIN_MINUTE,2023-10-27T14:20:00.000000+0530,2023-10-27T14:45:00.000000+0530,218.84376,218.41121743598148,91,-56.26728940635338,TSL
JIOFIN_MINUTE,2023-10-27T14:50:00.000000+0530,2023-10-27T15:10:00.000000+0530,218.64372,219.89708269617,91,97.08118280652765,TP
JIOFIN_MINUTE,2023-10-30T12:45:00.000000+0530,2023-10-30T13:25:00.000000+0530,221.0442,220.41381484147797,90,-73.61334150163313,TSL
JIOFIN_MINUTE,2023-10-30T13:50:00.000000+0530,2023-10-30T14:05:00.000000+0530,220.19403,219.65564796370404,90,-65.27257665083833,TSL
JIOFIN_MINUTE,2023-10-30T14:25:00.000000+0530,2023-10-30T15:00:00.000000+0530,219.84396,219.46119586170542,91,-51.81730954568496,TSL
JIOFIN_MINUTE,2023-10-31T10:25:00.000000+0530,2023-10-31T11:00:00.000000+0530,217.74354,216.52378996020389,91,-127.77866795095639,TSL
JIOFIN_MINUTE,2023-10-31T11:15:00.000000+0530,2023-10-31T12:45:00.000000+0530,216.34326000000001,215.93150053358409,92,-54.77907881326274,TSL
JIOFIN_MINUTE,2023-11-01T11:10:00.000000+0530,2023-11-01T13:05:00.000000+0530,217.29345,217.10184700855135,91,-34.233930849605585,TSL
JIOFIN_MINUTE,2023-11-01T13:35:00.000000+0530,2023-11-01T14:45:00.000000+0530,216.69333,216.45757979431394,92,-38.62250836871216,TSL
JIOFIN_MINUTE,2023-11-02T11:10:00.000000+0530,2023-11-02T11:50:00.000000+0530,217.24344,216.958184603761,91,-42.74774410916778,TSL
JIOFIN_MINUTE,2023-11-02T11:55:00.000000+0530,2023-11-02T13:05:00.000000+0530,217.14342,217.64419924496474,91,28.749803753583407,TSL
JIOFIN_MINUTE,2023-11-03T11:55:00.000000+0530,2023-11-03T13:45:00.000000+0530,218.74373999999997,219.5179043187462,91,53.49037779275036,TP
JIOFIN_MINUTE,2023-11-06T09:55:00.000000+0530,2023-11-06T11:50:00.000000+0530,218.14362,217.934047870939,91,-35.93398366649229,TSL
JIOFIN_MINUTE,2023-11-06T14:45:00.000000+0530,2023-11-06T15:05:00.000000+0530,217.84356,217.3420821539564,91,-62.45958438977395,TSL
JIOFIN_MINUTE,2023-11-07T09:15:00.000000+0530,2023-11-07T09:35:00.000000+0530,218.0436,217.75981793582838,91,-42.6756370073071,TSL
JIOFIN_MINUTE,2023-11-07T10:20:00.000000+0530,2023-11-07T11:45:00.000000+0530,217.09341,216.72934817769715,92,-50.45197078565375,TSL
JIOFIN_MINUTE,2023-11-07T12:00:00.000000+0530,2023-11-07T14:30:00.000000+0530,216.84336000000002,216.86262120416487,92,-15.186094585764767,TSL
JIOFIN_MINUTE,2023-11-08T13:10:00.000000+0530,2023-11-08T14:00:00.000000+0530,215.94318,215.47585960886045,92,-59.856586249048526,TSL
JIOFIN_MINUTE,2023-11-09T14:30:00.000000+0530,2023-11-09T15:05:00.000000+0530,215.89317,215.68541829949174,92,-35.9854901047157,TSL
JIOFIN_MINUTE,2023-11-13T14:00:00.000000+0530,2023-11-13T14:40:00.000000+0530,224.24483999999998,223.7260793614866,89,-63.10842564043672,TSL
JIOFIN_MINUTE,2023-11-15T11:20:00.000000+0530,2023-11-15T11:55:00.000000+0530,224.24483999999998,223.78115575497833,88,-57.5552852764444,TSL
JIOFIN_MINUTE,2023-11-15T13:40:00.000000+0530,2023-11-15T14:30:00.000000+0530,223.89477,224.12231217769275,89,3.3024762745567173,TSL
JIOFIN_MINUTE,2023-11-16T13:05:00.000000+0530,2023-11-16T14:50:00.000000+0530,224.89497,225.49118031154657,88,35.615507081019615,TSL
JIOFIN_MINUTE,2023-11-17T10:05:00.000000+0530,2023-11-17T12:30:00.000000+0530,223.14462,222.86138724661836,89,-42.07474131069051,TSL
JIOFIN_MINUTE,2023-11-17T14:05:00.000000+0530,2023-11-17T14:30:00.000000+0530,222.14442,221.5615237378502,89,-68.65445993230209,TSL
JIOFIN_MINUTE,2023-11-20T11:05:00.000000+0530,2023-11-20T11:40:00.000000+0530,217.14342,216.64741214774278,91,-61.907932899397686,TSL
JIOFIN_MINUTE,2023-11-20T11:45:00.000000+0530,2023-11-20T12:35:00.000000+0530,216.89336999999998,216.43637939028355,91,-58.339975273677965,TSL
JIOFIN_MINUTE,2023-11-20T13:00:00.000000+0530,2023-11-20T13:20:00.000000+0530,216.14321999999999,215.80408893883265,92,-48.085297399698035,TSL
JIOFIN_MINUTE,2023-11-20T14:20:00.000000+0530,2023-11-20T15:10:00.000000+0530,215.54309999999998,215.7120963185002,92,-1.3163603316978651,TSL
JIOFIN_MINUTE,2023-11-21T13:35:00.000000+0530,2023-11-21T14:40:00.000000+0530,219.59391,219.72792684386403,90,-4.744052001007432,TSL
JIOFIN_MINUTE,2023-11-23T12:40:00.000000+0530,2023-11-23T14:00:00.000000+0530,220.64412,221.83267991986162,90,90.03228389151212,TSL
JIOFIN_MINUTE,2023-11-24T09:25:00.000000+0530,2023-11-24T09:50:00.000000+0530,221.14422,220.66452079213272,90,-60.06671642726306,TSL
JIOFIN_MINUTE,2023-11-24T14:10:00.000000+0530,2023-11-24T14:30:00.000000+0530,223.94478,223.33933539668635,89,-70.79635578858161,TSL
JIOFIN_MINUTE,2023-11-24T14:50:00.000000+0530,2023-11-24T15:10:00.000000+0530,224.0448,225.9536556259243,88,151.1283554290442,TP
JIOFIN_MINUTE,2023-11-28T14:45:00.000000+0530,2023-11-28T15:15:00.000000+0530,225.89516999999998,227.15456,88,93.86840680800012,EOD
JIOFIN_MINUTE,2023-11-29T11:20:00.000000+0530,2023-11-29T12:00:00.000000+0530,226.34526,225.9925732380316,88,-47.94999046193888,TSL
JIOFIN_MINUTE,2023-11-29T12:15:00.000000+0530,2023-11-29T13:35:00.000000+0530,225.045,225.05573965012968,88,-15.888796587655314,TSL
JIOFIN_MINUTE,2023-11-29T14:00:00.000000+0530,2023-11-29T14:30:00.000000+0530,224.94498,226.02019135134327,88,77.74067418480722,TP
JIOFIN_MINUTE,2023-11-30T09:35:00.000000+0530,2023-11-30T09:50:00.000000+0530,224.74493999999999,223.69566571869711,88,-109.09627339143806,TSL
JIOFIN_MINUTE,2023-11-30T10:15:00.000000+0530,2023-11-30T12:30:00.000000+0530,224.19483,223.92968490419008,89,-40.54527356414281,TSL
JIOFIN_MINUTE,2023-12-01T12:00:00.000000+0530,2023-12-01T12:20:00.000000+0530,228.84576,228.18611308726892,87,-74.28086125483199,TSL
JIOFIN_MINUTE,2023-12-01T12:55:00.000000+0530,2023-12-01T13:25:00.000000+0530,227.94558,228.07276820704755,87,-5.797287583572508,TSL
JIOFIN_MINUTE,2023-12-01T13:50:00.000000+0530,2023-12-01T15:00:00.000000+0530,226.99539,227.1737064727101,87,-1.2813084079385106,TSL
JIOFIN_MINUTE,2023-12-04T09:15:00.000000+0530,2023-12-04T11:05:00.000000+0530,229.09581,230.2013598765295,87,79.18830354697269,TSL
JIOFIN_MINUTE,2023-12-04T14:55:00.000000+0530,2023-12-04T15:15:00.000000+0530,230.19603,230.20395,86,-16.146584409002536,EOD
JIOFIN_MINUTE,2023-12-06T13:30:00.000000+0530,2023-12-06T15:05:00.000000+0530,245.94918,247.066397917274,81,73.51127819797735,TSL
JIOFIN_MINUTE,2023-12-07T10:40:00.000000+0530,2023-12-07T13:15:00.000000+0530,246.44928,249.99236050912188,81,269.8636440741915,TP
JIOFIN_MINUTE,2023-12-07T14:55:00.000000+0530,2023-12-07T15:15:00.000000+0530,248.89977,248.9502,80,-12.89300327999954,EOD
JIOFIN_MINUTE,2023-12-08T09:45:00.000000+0530,2023-12-08T10:50:00.000000+0530,247.74954,247.2989075272154,80,-52.87773871396405,TSL
JIOFIN_MINUTE,2023-12-08T13:30:00.000000+0530,2023-12-08T15:15:00.000000+0530,241.84836,243.85122,82,147.2873603220018,EOD
JIOFIN_MINUTE,2023-12-11T13:25:00.000000+0530,2023-12-11T13:35:00.000000+0530,245.44908,244.69996388043828,81,-77.54420171937618,TSL
JIOFIN_MINUTE,2023-12-11T13:40:00.000000+0530,2023-12-11T14:15:00.000000+0530,244.74893999999998,244.72759145661027,82,-18.80861885664983,TSL
JIOFIN_MINUTE,2023-12-12T10:30:00.000000+0530,2023-12-12T11:40:00.000000+0530,244.64891999999998,243.77417635076583,82,-88.74155802262256,TSL
JIOFIN_MINUTE,2023-12-12T12:50:00.000000+0530,2023-12-12T13:05:00.000000+0530,243.49868999999998,242.61846213681943,82,-89.11084519717764,TSL
JIOFIN_MINUTE,2023-12-12T13:30:00.000000+0530,2023-12-12T13:55:00.000000+0530,242.5485,241.51310471134633,82,-101.76134779208061,TSL
JIOFIN_MINUTE,2023-12-13T10:10:00.000000+0530,2023-12-13T10:30:00.000000+0530,239.99799,238.6075830835994,83,-132.27216018001383,TSL
JIOFIN_MINUTE,2023-12-13T11:05:00.000000+0530,2023-12-13T11:45:00.000000+0530,239.0478,237.99875846807936,83,-103.88738069348149,TSL
JIOFIN_MINUTE,2023-12-13T12:35:00.000000+0530,2023-12-13T14:40:00.000000+0530,236.39727,238.62326966759912,84,170.0023658156844,TP
JIOFIN_MINUTE,2023-12-14T11:10:00.000000+0530,2023-12-14T11:35:00.000000+0530,241.54829999999998,240.72172733828776,82,-84.57759634335864,TSL
JIOFIN_MINUTE,2023-12-14T12:00:00.000000+0530,2023-12-14T13:10:00.000000+0530,240.14802,239.71338642815067,83,-52.997188251940585,TSL
JIOFIN_MINUTE,2023-12-15T11:00:00.000000+0530,2023-12-15T13:10:00.000000+0530,238.39766999999998,240.6106700700335,83,166.75902674108744,TP
JIOFIN_MINUTE,2023-12-15T14:45:00.000000+0530,2023-12-15T15:00:00.000000+0530,240.048,239.1599167534881,83,-90.60575486028608,TSL
JIOFIN_MINUTE,2023-12-18T09:15:00.000000+0530,2023-12-18T11:20:00.000000+0530,238.59771,240.85409363346827,83,170.34376922449923,TSL
JIOFIN_MINUTE,2023-12-18T13:45:00.000000+0530,2023-12-18T14:50:00.000000+0530,239.84796,239.9640288551296,83,-7.292857145476582,TSL
JIOFIN_MINUTE,2023-12-20T14:20:00.000000+0530,2023-12-20T14:45:00.000000+0530,236.49729,233.37890978389584,84,-278.68577549276415,TSL
JIOFIN_MINUTE,2023-12-21T09:15:00.000000+0530,2023-12-21T12:55:00.000000+0530,234.94698,236.8982118844189,85,148.7885707800119,TSL
JIOFIN_MINUTE,2023-12-21T13:00:00.000000+0530,2023-12-21T13:35:00.000000+0530,236.39727,236.0555756994922,84,-45.56530004397039,TSL
JIOFIN_MINUTE,2023-12-21T13:50:00.000000+0530,2023-12-21T15:00:00.000000+0530,235.84716,237.8451774410589,84,150.90166941917178,TP
JIOFIN_MINUTE,2023-12-22T11:40:00.000000+0530,2023-12-22T12:20:00.000000+0530,238.39766999999998,237.4626579037971,84,-95.5194121601979,TSL
JIOFIN_MINUTE,2023-12-22T12:45:00.000000+0530,2023-12-22T13:40:00.000000+0530,236.79735,236.1340537706345,84,-72.59356977090451,TSL
JIOFIN_MINUTE,2023-12-22T13:50:00.000000+0530,2023-12-22T15:15:00.000000+0530,235.84716,236.50269000000003,84,38.194747290003534,EOD
JIOFIN_MINUTE,2023-12-26T10:00:00.000000+0530,2023-12-26T11:00:00.000000+0530,235.94718,235.2647712933227,85,-75.02002121553497,TSL
JIOFIN_MINUTE,2023-12-26T11:10:00.000000+0530,2023-12-26T11:45:00.000000+0530,235.29704999999998,234.63800327050186,85,-72.98837343523543,TSL
JIOFIN_MINUTE,2023-12-26T11:50:00.000000+0530,2023-12-26T12:45:00.000000+0530,234.74694,234.22235442843163,85,-61.5257156228424,TSL
JIOFIN_MINUTE,2023-12-26T12:55:00.000000+0530,2023-12-26T13:45:00.000000+0530,234.24684,233.95338386832353,85,-41.85438630834615,TSL
JIOFIN_MINUTE,2023-12-26T13:50:00.000000+0530,2023-12-26T15:05:00.000000+0530,234.0468,234.99760370002963,85,63.86398312954137,TP
JIOFIN_MINUTE,2023-12-27T13:25:00.000000+0530,2023-12-27T13:35:00.000000+0530,233.94678,233.27754289147654,85,-73.75652224466853,TSL
JIOFIN_MINUTE,2023-12-27T14:00:00.000000+0530,2023-12-27T14:55:00.000000+0530,233.89676999999998,233.5958007645519,85,-42.46735633383013,TSL
JIOFIN_MINUTE,2023-12-28T11:05:00.000000+0530,2023-12-28T11:55:00.000000+0530,234.24684,234.249500848941,85,-16.698286424701827,TSL
JIOFIN_MINUTE,2023-12-28T12:25:00.000000+0530,2023-12-28T13:05:00.000000+0530,234.09681,233.57047341238942,85,-61.6274982339296,TSL
JIOFIN_MINUTE,2023-12-28T13:25:00.000000+0530,2023-12-28T15:15:00.000000+0530,233.29665,233.40331,85,-7.794569317499992,EOD
JIOFIN_MINUTE,2023-12-29T12:40:00.000000+0530,2023-12-29T13:45:00.000000+0530,233.39667,232.9652965416327,85,-53.509486659542404,TSL
JIOFIN_MINUTE,2023-12-29T14:00:00.000000+0530,2023-12-29T14:30:00.000000+0530,232.94658,232.56573517763215,85,-49.184395810823744,TSL
JIOFIN_MINUTE,2023-12-29T14:35:00.000000+0530,2023-12-29T15:15:00.000000+0530,232.74653999999998,232.95340000000002,85,0.7574917800034697,EOD
JIOFIN_MINUTE,2024-01-01T13:15:00.000000+0530,2024-01-01T14:40:00.000000+0530,235.39706999999999,235.27249408122148,84,-27.26597256794779,TSL
JIOFIN_MINUTE,2024-01-02T10:40:00.000000+0530,2024-01-02T12:55:00.000000+0530,232.64651999999998,233.91935845849903,85,91.32305270448467,TSL
JIOFIN_MINUTE,2024-01-03T14:35:00.000000+0530,2024-01-03T15:15:00.000000+0530,234.19683,234.15315999999999,85,-20.630629395000796,EOD
JIOFIN_MINUTE,2024-01-05T10:55:00.000000+0530,2024-01-05T11:45:00.000000+0530,243.94878,243.18516281892423,82,-79.5853996793467,TSL
JIOFIN_MINUTE,2024-01-05T11:50:00.000000+0530,2024-01-05T13:35:00.000000+0530,243.44868,243.67767115217285,82,1.798573981209337,TSL
JIOFIN_MINUTE,2024-01-05T13:45:00.000000+0530,2024-01-05T14:05:00.000000+0530,243.69873,242.9990465314202,82,-74.3282901801116,TSL
JIOFIN_MINUTE,2024-01-05T14:30:00.000000+0530,2024-01-05T15:15:00.000000+0530,242.59851,243.75124000000002,82,77.5627557300048,EOD
JIOFIN_MINUTE,2024-01-08T09:50:00.000000+0530,2024-01-08T10:45:00.000000+0530,243.0486,242.50720953875825,82,-61.31008853201976,TSL
JIOFIN_MINUTE,2024-01-08T11:10:00.000000+0530,2024-01-08T11:20:00.000000+0530,242.0484,240.95194276814257,82,-106.7308162711497,TSL
JIOFIN_MINUTE,2024-01-08T11:35:00.000000+0530,2024-01-08T11:50:00.000000+0530,241.44828,240.59937049253097,82,-86.4012389096743,TSL
JIOFIN_MINUTE,2024-01-08T11:55:00.000000+0530,2024-01-08T14:10:00.000000+0530,240.69813,242.94573618820712,83,169.46745732720044,TSL
JIOFIN_MINUTE,2024-01-08T14:35:00.000000+0530,2024-01-08T15:15:00.000000+0530,242.0484,242.30153,82,3.8744703570027426,EOD
JIOFIN_MINUTE,2024-01-09T13:25:00.000000+0530,2024-01-09T14:20:00.000000+0530,242.59851,242.28254412403928,82,-42.80406791477161,TSL
JIOFIN_MINUTE,2024-01-09T14:30:00.000000+0530,2024-01-09T15:15:00.000000+0530,242.0484,241.9516,82,-24.80400779999747,EOD
JIOFIN_MINUTE,2024-01-10T09:45:00.000000+0530,2024-01-10T11:30:00.000000+0530,240.44808,239.95542820488433,83,-57.8312214841544,TSL
JIOFIN_MINUTE,2024-01-10T14:05:00.000000+0530,2024-01-10T15:15:00.000000+0530,239.79795,241.50169000000002,83,124.4148988965038,EOD
JIOFIN_MINUTE,2024-01-12T13:15:00.000000+0530,2024-01-12T14:10:00.000000+0530,256.70133,255.73261225749704,78,-92.53772410307397,TSL
JIOFIN_MINUTE,2024-01-12T14:15:00.000000+0530,2024-01-12T14:55:00.000000+0530,255.45108,255.7556862995831,78,6.809817153229524,TSL
JIOFIN_MINUTE,2024-01-16T09:40:00.000000+0530,2024-01-16T10:15:00.000000+0530,256.95138,254.35022376975732,77,-216.99633858333232,TSL
JIOFIN_MINUTE,2024-01-16T10:40:00.000000+0530,2024-01-16T11:45:00.000000+0530,253.90077,252.8891682883361,78,-95.69515684735393,TSL
JIOFIN_MINUTE,2024-01-16T11:55:00.000000+0530,2024-01-16T12:25:00.000000+0530,253.15061999999998,251.79226392879764,78,-122.67738618432651,TSL
JIOFIN_MINUTE,2024-01-16T13:20:00.000000+0530,2024-01-16T15:15:00.000000+0530,248.24963999999997,248.9502,80,39.13299984000331,EOD
JIOFIN_MINUTE,2024-01-17T09:35:00.000000+0530,2024-01-17T10:30:00.000000+0530,246.44928,245.14801128448684,80,-120.80279245756955,TSL
JIOFIN_MINUTE,2024-01-17T10:45:00.000000+0530,2024-01-17T11:40:00.000000+0530,244.5489,244.64743421566087,81,-8.860309995779119,TSL
JIOFIN_MINUTE,2024-01-17T11:55:00.000000+0530,2024-01-17T12:45:00.000000+0530,244.24883999999997,243.5683499582345,81,-71.90591018564267,TSL
JIOFIN_MINUTE,2024-01-18T09:50:00.000000+0530,2024-01-18T11:35:00.000000+0530,241.29825,244.70532369315464,82,262.4078957901172,TSL
JIOFIN_MINUTE,2024-01-18T13:15:00.000000+0530,2024-01-18T15:15:00.000000+0530,243.24864,243.35132000000002,82,-8.539301075995684,EOD
JIOFIN_MINUTE,2024-01-19T13:55:00.000000+0530,2024-01-19T14:50:00.000000+0530,247.24944,247.12614524533004,80,-26.671117324390572,TSL
JIOFIN_MINUTE,2024-01-20T10:10:00.000000+0530,2024-01-20T10:40:00.000000+0530,247.64952,245.83053390018893,80,-162.2790199564912,TSL
JIOFIN_MINUTE,2024-01-23T09:25:00.000000+0530,2024-01-23T09:35:00.000000+0530,246.29925,245.27817661453147,81,-99.61915876612503,TSL
JIOFIN_MINUTE,2024-01-23T09:40:00.000000+0530,2024-01-23T09:55:00.000000+0530,245.39907,243.64140637723722,81,-159.18817549888763,TSL
JIOFIN_MINUTE,2024-01-23T10:30:00.000000+0530,2024-01-23T11:50:00.000000+0530,242.84856,242.30611352083076,81,-60.63412217805852,TSL
JIOFIN_MINUTE,2024-01-23T11:55:00.000000+0530,2024-01-23T13:10:00.000000+0530,242.39846999999997,241.8962150674328,82,-58.05742613204984,TSL
JIOFIN_MINUTE,2024-01-23T14:30:00.000000+0530,2024-01-23T15:15:00.000000+0530,240.84816,240.4519,82,-49.2625654260014,EOD
JIOFIN_MINUTE,2024-01-24T09:25:00.000000+0530,2024-01-24T10:40:00.000000+0530,238.29765,239.18028778942485,83,56.406744899675715,TSL
JIOFIN_MINUTE,2024-01-24T11:35:00.000000+0530,2024-01-24T15:15:00.000000+0530,238.29765,238.9522,83,37.48587058499927,EOD
JIOFIN_MINUTE,2024-01-25T11:00:00.000000+0530,2024-01-25T12:10:00.000000+0530,240.048,239.4694191844266,82,-64.14887848223633,TSL
JIOFIN_MINUTE,2024-01-25T12:35:00.000000+0530,2024-01-25T15:15:00.000000+0530,239.5479,239.70205,83,-4.112691292498766,EOD
JIOFIN_MINUTE,2024-01-30T10:35:00.000000+0530,2024-01-30T12:45:00.000000+0530,251.50028999999998,251.09085825436895,79,-49.21556256900598,TSL
JIOFIN_MINUTE,2024-01-30T14:30:00.000000+0530,2024-01-30T14:50:00.000000+0530,249.64991999999998,248.3313471804028,79,-120.87395288716722,TSL
JIOFIN_MINUTE,2024-01-30T14:55:00.000000+0530,2024-01-30T15:15:00.000000+0530,248.64972,247.55048,79,-103.48902672000115,EOD
JIOFIN_MINUTE,2024-01-31T09:15:00.000000+0530,2024-01-31T10:00:00.000000+0530,249.39987,248.68385583673822,79,-73.28120935278707,TSL
JIOFIN_MINUTE,2024-01-31T11:30:00.000000+0530,2024-01-31T12:15:00.000000+0530,247.79954999999998,247.86345552246416,80,-11.740739445855205,TSL
JIOFIN_MINUTE,2024-02-01T11:20:00.000000+0530,2024-02-01T12:00:00.000000+0530,251.40026999999998,250.28790188437088,78,-103.38483032791028,TSL
JIOFIN_MINUTE,2024-02-01T12:05:00.000000+0530,2024-02-01T13:15:00.000000+0530,250.90017,250.78494941084912,79,-25.945366623823723,TSL
JIOFIN_MINUTE,2024-02-02T10:10:00.000000+0530,2024-02-02T12:40:00.000000+0530,251.30025,253.00062037042002,78,115.8947364288719,TSL
JIOFIN_MINUTE,2024-02-05T14:45:00.000000+0530,2024-02-05T15:15:00.000000+0530,284.95698,286.14276,69,65.06109277200406,EOD
JIOFIN_MINUTE,2024-02-06T09:20:00.000000+0530,2024-02-06T10:30:00.000000+0530,278.40567000000004,275.7186407321734,71,-207.47593170728155,TSL
JIOFIN_MINUTE,2024-02-06T13:40:00.000000+0530,2024-02-06T14:20:00.000000+0530,275.75514,273.519078983806,71,-175.3148366660876,TSL
JIOFIN_MINUTE,2024-02-06T14:35:00.000000+0530,2024-02-06T15:10:00.000000+0530,272.65452,271.8895219086877,72,-71.7360252740705,TSL
JIOFIN_MINUTE,2024-02-07T09:15:00.000000+0530,2024-02-07T10:55:00.000000+0530,270.45408,272.89278204547577,73,161.14565976860726,TSL
JIOFIN_MINUTE,2024-02-07T11:40:00.000000+0530,2024-02-07T12:45:00.000000+0530,270.15402,269.3332043061927,73,-76.64964683882559,TSL
JIOFIN_MINUTE,2024-02-07T12:55:00.000000+0530,2024-02-07T14:35:00.000000+0530,269.45387999999997,270.12395467797296,73,32.16893473970586,TSL
JIOFIN_MINUTE,2024-02-08T09:35:00.000000+0530,2024-02-08T10:40:00.000000+0530,267.5535,265.5388390393566,74,-165.8320295365097,TSL
JIOFIN_MINUTE,2024-02-08T10:45:00.000000+0530,2024-02-08T11:00:00.000000+0530,265.90317,263.87006078761607,74,-167.092643564464,TSL
JIOFIN_MINUTE,2024-02-08T11:10:00.000000+0530,2024-02-08T12:50:00.000000+0530,263.75273999999996,263.7943286513311,74,-13.514179805604957,TSL
JIOFIN_MINUTE,2024-02-08T14:05:00.000000+0530,2024-02-08T14:55:00.000000+0530,263.30264999999997,262.83118326598014,75,-52.126100986212265,TSL
JIOFIN_MINUTE,2024-02-09T11:25:00.000000+0530,2024-02-09T12:50:00.000000+0530,259.95198,266.40456175237415,76,473.3335973551836,TP
JIOFIN_MINUTE,2024-02-12T10:30:00.000000+0530,2024-02-12T11:45:00.000000+0530,272.00439,271.6016179881736,73,-46.264057966552606,TSL
JIOFIN_MINUTE,2024-02-12T12:10:00.000000+0530,2024-02-12T13:45:00.000000+0530,269.50388999999996,274.79170271019666,73,369.0753057895459,TP
JIOFIN_MINUTE,2024-02-13T09:35:00.000000+0530,2024-02-13T12:00:00.000000+0530,266.60331,266.9414350512662,74,8.238143905110281,TSL
JIOFIN_MINUTE,2024-02-15T14:30:00.000000+0530,2024-02-15T15:15:00.000000+0530,274.5549,273.54528000000005,72,-89.45541892799385,EOD
JIOFIN_MINUTE,2024-02-16T09:50:00.000000+0530,2024-02-16T10:55:00.000000+0530,273.45468,273.28506256436134,72,-28.94116493153015,TSL
JIOFIN_MINUTE,2024-02-16T11:15:00.000000+0530,2024-02-16T11:55:00.000000+0530,272.60451,271.46956244607895,73,-99.72071313744581,TSL
JIOFIN_MINUTE,2024-02-16T12:00:00.000000+0530,2024-02-16T12:25:00.000000+0530,272.20442999999995,271.13912488713083,73,-94.61478612066409,TSL
JIOFIN_MINUTE,2024-02-19T12:35:00.000000+0530,2024-02-19T13:30:00.000000+0530,274.60491,274.3242838519738,72,-36.99979035442701,TSL
JIOFIN_MINUTE,2024-02-19T14:25:00.000000+0530,2024-02-19T15:15:00.000000+0530,273.75473999999997,273.84522,72,-10.242813095996741,EOD
JIOFIN_MINUTE,2024-02-20T12:40:00.000000+0530,2024-02-20T13:55:00.000000+0530,282.40647,281.45613454123884,70,-83.2900791631176,TSL
JIOFIN_MINUTE,2024-02-20T14:05:00.000000+0530,2024-02-20T14:45:00.000000+0530,281.35626,281.44900665067365,70,-10.252002668894516,TSL
JIOFIN_MINUTE,2024-02-21T14:15:00.000000+0530,2024-02-21T15:15:00.000000+0530,289.80795,289.64206,68,-28.02521522400025,EOD
JIOFIN_MINUTE,2024-02-26T11:05:00.000000+0530,2024-02-26T13:15:00.000000+0530,329.76594,334.3649837198947,60,258.97279181092847,TSL
JIOFIN_MINUTE,2024-02-26T14:55:00.000000+0530,2024-02-26T15:15:00.000000+0530,330.31605,326.88461,60,-222.6192810299994,EOD
JIOFIN_MINUTE,2024-02-27T13:10:00.000000+0530,2024-02-27T13:45:00.000000+0530,329.5659,328.3976899645275,60,-86.86191209718156,TSL
JIOFIN_MINUTE,2024-02-27T14:40:00.000000+0530,2024-02-27T15:15:00.000000+0530,320.01399,317.4365,62,-176.58122486399776,EOD
JIOFIN_MINUTE,2024-02-28T09:30:00.000000+0530,2024-02-28T10:10:00.000000+0530,315.76313999999996,314.0224741067702,62,-124.50264615129004,TSL
JIOFIN_MINUTE,2024-02-28T10:25:00.000000+0530,2024-02-28T10:55:00.000000+0530,313.76274,312.10509458952663,63,-121.17621817335085,TSL
JIOFIN_MINUTE,2024-02-28T11:10:00.000000+0530,2024-02-28T12:30:00.000000+0530,312.31245,310.1417838276525,63,-153.40108697252225,TSL
JIOFIN_MINUTE,2024-02-28T13:00:00.000000+0530,2024-02-28T14:15:00.000000+0530,309.31185,308.3247518698606,63,-78.71662881607132,TSL
JIOFIN_MINUTE,2024-02-28T14:40:00.000000+0530,2024-02-28T15:15:00.000000+0530,306.86136,307.68845,64,36.211388447999894,EOD
JIOFIN_MINUTE,2024-02-29T11:50:00.000000+0530,2024-02-29T12:25:00.000000+0530,315.16302,313.52112306476124,62,-118.35071245331396,TSL
JIOFIN_MINUTE,2024-02-29T12:30:00.000000+0530,2024-02-29T13:35:00.000000+0530,314.76293999999996,314.67389365043726,62,-22.10584413036541,TSL
JIOFIN_MINUTE,2024-03-04T09:40:00.000000+0530,2024-03-04T11:05:00.000000+0530,322.5645,322.86117947185755,61,1.3625248620306891,TSL
JIOFIN_MINUTE,2024-03-05T11:40:00.000000+0530,2024-03-05T12:25:00.000000+0530,323.31465,322.61784770588474,61,-59.245426826559694,TSL
JIOFIN_MINUTE,2024-03-05T12:50:00.000000+0530,2024-03-05T13:45:00.000000+0530,323.0646,322.35414539967365,61,-60.06479437806264,TSL
JIOFIN_MINUTE,2024-03-06T11:25:00.000000+0530,2024-03-06T11:45:00.000000+0530,326.76534,324.05896873018855,60,-178.9579982767839,TSL
JIOFIN_MINUTE,2024-03-06T11:55:00.000000+0530,2024-03-06T12:15:00.000000+0530,325.065,322.43186348154796,60,-174.47961260201538,TSL
JIOFIN_MINUTE,2024-03-06T12:30:00.000000+0530,2024-03-06T14:50:00.000000+0530,323.51469,327.34348470826205,60,213.10208308035354,TSL
JIOFIN_MINUTE,2024-03-12T13:05:00.000000+0530,2024-03-12T14:00:00.000000+0530,364.42287,364.401934685464,54,-17.85689493909872,TSL
JIOFIN_MINUTE,2024-03-13T10:20:00.000000+0530,2024-03-13T11:05:00.000000+0530,342.0684,338.5983982145542,57,-214.25453119443608,TSL
JIOFIN_MINUTE,2024-03-13T11:15:00.000000+0530,2024-03-13T13:50:00.000000+0530,337.16742,338.6898448326363,58,71.62972113474478,TSL
JIOFIN_MINUTE,2024-03-13T13:55:00.000000+0530,2024-03-13T14:15:00.000000+0530,339.36786,337.32429579023477,58,-135.19236996609084,TSL
JIOFIN_MINUTE,2024-03-13T14:20:00.000000+0530,2024-03-13T14:30:00.000000+0530,336.91737,336.1575484625617,58,-60.65543720537822,TSL
JIOFIN_MINUTE,2024-03-13T14:40:00.000000+0530,2024-03-13T15:10:00.000000+0530,335.26704,331.355202632685,58,-243.29044476425366,TSL
JIOFIN_MINUTE,2024-03-14T09:20:00.000000+0530,2024-03-14T12:40:00.000000+0530,328.0656,336.745700120103,59,495.3917479971787,TSL
JIOFIN_MINUTE,2024-03-14T12:50:00.000000+0530,2024-03-14T14:05:00.000000+0530,335.46707999999995,336.30950860551644,58,32.29545860343944,TSL
JIOFIN_MINUTE,2024-03-14T14:50:00.000000+0530,2024-03-14T15:15:00.000000+0530,333.86676,338.23234,59,240.68413891500123,EOD
JIOFIN_MINUTE,2024-03-15T11:10:00.000000+0530,2024-03-15T14:35:00.000000+0530,338.86776,347.86314795995685,58,504.73936823357315,TP
JIOFIN_MINUTE,2024-03-18T13:25:00.000000+0530,2024-03-18T13:45:00.000000+0530,356.47128,354.9684875374115,55,-99.27315831037403,TSL
JIOFIN_MINUTE,2024-03-18T14:00:00.000000+0530,2024-03-18T14:35:00.000000+0530,354.67092,354.14501187514514,56,-46.316992813626364,TSL
JIOFIN_MINUTE,2024-03-19T09:20:00.000000+0530,2024-03-19T10:05:00.000000+0530,353.0706,352.4162767686559,56,-53.42810835974329,TSL
JIOFIN_MINUTE,2024-03-19T11:05:00.000000+0530,2024-03-19T11:35:00.000000+0530,350.57009999999997,350.83712158750706,56,-1.7421521245001053,TSL
JIOFIN_MINUTE,2024-03-20T10:25:00.000000+0530,2024-03-20T11:55:00.000000+0530,340.16802,340.8505604830095,58,22.79529158713757,TSL
JIOFIN_MINUTE,2024-03-20T13:00:00.000000+0530,2024-03-20T13:55:00.000000+0530,339.31784999999996,338.68055423806675,58,-53.671194462320564,TSL
JIOFIN_MINUTE,2024-03-21T11:40:00.000000+0530,2024-03-21T12:20:00.000000+0530,344.86896,343.4955299268142,57,-94.95135825080105,TSL
JIOFIN_MINUTE,2024-03-21T12:40:00.000000+0530,2024-03-21T13:20:00.000000+0530,343.61871,342.4653388332591,57,-82.35432481765406,TSL
JIOFIN_MINUTE,2024-03-21T13:25:00.000000+0530,2024-03-21T14:55:00.000000+0530,342.5685,341.649072448189,57,-68.97599022447457,TSL
JIOFIN_MINUTE,2024-03-26T11:10:00.000000+0530,2024-03-26T12:25:00.000000+0530,346.26923999999997,346.0151935087806,57,-31.2494303200032,TSL
JIOFIN_MINUTE,2024-03-26T12:50:00.000000+0530,2024-03-26T15:10:00.000000+0530,345.01899,345.9275981711363,57,35.04601082310678,TSL
JIOFIN_MINUTE,2024-03-27T11:30:00.000000+0530,2024-03-27T12:20:00.000000+0530,352.12041,351.53186567249213,56,-49.701286691153,TSL
JIOFIN_MINUTE,2024-03-27T13:10:00.000000+0530,2024-03-27T13:55:00.000000+0530,350.27004,350.3847399495072,56,-10.253189490040931,TSL
JIOFIN_MINUTE,2024-04-01T13:15:00.000000+0530,2024-04-01T14:50:00.000000+0530,356.42127,356.27902093938627,55,-24.4820896721684,TSL
JIOFIN_MINUTE,2024-04-02T14:00:00.000000+0530,2024-04-02T14:35:00.000000+0530,358.92177000000004,357.9889372547766,55,-68.0571755442445,TSL
JIOFIN_MINUTE,2024-04-02T14:55:00.000000+0530,2024-04-02T15:15:00.000000+0530,357.22142999999994,356.77863,55,-41.04070715249572,EOD
JIOFIN_MINUTE,2024-04-03T09:25:00.000000+0530,2024-04-03T10:15:00.000000+0530,355.62111,356.4833487939427,55,30.77176405083226,TSL
JIOFIN_MINUTE,2024-04-03T10:45:00.000000+0530,2024-04-03T12:40:00.000000+0530,355.67112000000003,358.2640948378488,55,125.90755373283734,TSL
JIOFIN_MINUTE,2024-04-03T14:10:00.000000+0530,2024-04-03T14:35:00.000000+0530,357.0714,356.18232095110847,55,-65.56554099780652,TSL
JIOFIN_MINUTE,2024-04-03T14:40:00.000000+0530,2024-04-03T15:15:00.000000+0530,356.42127,357.37851,55,35.95654911750327,EOD
JIOFIN_MINUTE,2024-04-04T12:25:00.000000+0530,2024-04-04T13:40:00.000000+0530,360.87216,361.1340940078674,54,-2.427375159191822,TSL
JIOFIN_MINUTE,2024-04-08T10:10:00.000000+0530,2024-04-08T12:25:00.000000+0530,370.82415,372.71776938058474,53,83.60100020854887,TSL
JIOFIN_MINUTE,2024-04-08T13:35:00.000000+0530,2024-04-08T13:50:00.000000+0530,370.62411000000003,369.5495081326102,53,-73.61919048272946,TSL
JIOFIN_MINUTE,2024-04-08T13:55:00.000000+0530,2024-04-08T14:10:00.000000+0530,370.17402000000004,368.805137374028,53,-89.18721584897234,TSL
JIOFIN_MINUTE,2024-04-08T14:20:00.000000+0530,2024-04-08T15:15:00.000000+0530,369.27384,369.32612,53,-13.866470453998957,EOD
JIOFIN_MINUTE,2024-04-09T11:55:00.000000+0530,2024-04-09T12:20:00.000000+0530,372.22443,370.99323189768546,53,-81.98632056948738,TSL
JIOFIN_MINUTE,2024-04-09T12:40:00.000000+0530,2024-04-09T13:10:00.000000+0530,370.5741,369.35454680847823,53,-81.29513238012058,TSL
JIOFIN_MINUTE,2024-04-09T13:20:00.000000+0530,2024-04-09T13:45:00.000000+0530,368.92377,367.30012935049785,53,-102.6256411371794,TSL
JIOFIN_MINUTE,2024-04-09T13:50:00.000000+0530,2024-04-09T15:15:00.000000+0530,366.87336,367.77643,53,31.308740641501245,EOD
JIOFIN_MINUTE,2024-04-12T09:30:00.000000+0530,2024-04-12T09:55:00.000000+0530,369.12381,373.15641557709023,53,196.9815174927101,TP
JIOFIN_MINUTE,2024-04-12T11:40:00.000000+0530,2024-04-12T12:25:00.000000+0530,373.82475,372.7030441664821,53,-76.25851643890314,TSL
JIOFIN_MINUTE,2024-04-12T12:30:00.000000+0530,2024-04-12T12:40:00.000000+0530,373.02459,371.3593073820782,53,-105.01619354104236,TSL
JIOFIN_MINUTE,2024-04-12T12:45:00.000000+0530,2024-04-12T14:10:00.000000+0530,372.52448999999996,372.2384754485713,53,-31.93266217604277,TSL
JIOFIN_MINUTE,2024-04-12T14:50:00.000000+0530,2024-04-12T15:05:00.000000+0530,371.87436,371.3922765031146,53,-42.28931251899394,TSL
JIOFIN_MINUTE,2024-04-15T09:45:00.000000+0530,2024-04-15T11:25:00.000000+0530,355.87116000000003,357.8202324411364,55,90.50304809115636,TSL
JIOFIN_MINUTE,2024-04-15T13:05:00.000000+0530,2024-04-15T14:15:00.000000+0530,356.97137999999995,356.60387216454535,55,-36.890225852982596,TSL
JIOFIN_MINUTE,2024-04-15T14:35:00.000000+0530,2024-04-15T15:05:00.000000+0530,355.67112000000003,354.23914680891716,55,-95.34283318052798,TSL
JIOFIN_MINUTE,2024-04-16T12:05:00.000000+0530,2024-04-16T12:30:00.000000+0530,363.07259999999997,362.3082777753158,54,-57.91573210287503,TSL
JIOFIN_MINUTE,2024-04-16T12:45:00.000000+0530,2024-04-16T14:20:00.000000+0530,361.32225,362.6826486879316,54,56.83643403227443,TSL
JIOFIN_MINUTE,2024-04-18T12:15:00.000000+0530,2024-04-18T13:25:00.000000+0530,379.97598,380.5117902936025,52,11.051872776931965,TSL
JIOFIN_MINUTE,2024-04-18T14:50:00.000000+0530,2024-04-18T15:15:00.000000+0530,378.32565,379.52408,52,45.56209117200112,EOD
JIOFIN_MINUTE,2024-04-19T09:20:00.000000+0530,2024-04-19T09:50:00.000000+0530,375.075,372.76310216863186,52,-136.73088195316234,TSL
JIOFIN_MINUTE,2024-04-19T09:55:00.000000+0530,2024-04-19T10:40:00.000000+0530,373.0746,370.6822585636545,53,-143.5313701034426,TSL
JIOFIN_MINUTE,2024-04-19T11:00:00.000000+0530,2024-04-19T14:15:00.000000+0530,370.5741,371.8820188066625,53,52.58720771489699,TSL
JIOFIN_MINUTE,2024-04-19T14:25:00.000000+0530,2024-04-19T14:50:00.000000+0530,371.42427000000004,370.22108758642673,53,-80.46625851552734,TSL
JIOFIN_MINUTE,2024-04-22T12:40:00.000000+0530,2024-04-22T13:35:00.000000+0530,380.77614,380.767081842221,51,-16.968357634403073,TSL
JIOFIN_MINUTE,2024-04-23T13:20:00.000000+0530,2024-04-23T14:55:00.000000+0530,389.47787999999997,389.26926413707446,50,-26.977866110048573,TSL
JIOFIN_MINUTE,2024-04-24T09:15:00.000000+0530,2024-04-24T09:30:00.000000+0530,390.078,387.77368281245435,50,-131.73080565462263,TSL
JIOFIN_MINUTE,2024-04-24T09:55:00.000000+0530,2024-04-24T10:40:00.000000+0530,386.0772,385.0444199160915,51,-69.37926141797959,TSL
JIOFIN_MINUTE,2024-04-24T11:05:00.000000+0530,2024-04-24T11:20:00.000000+0530,384.22682999999995,382.7220769251606,51,-93.35643157355824,TSL
JIOFIN_MINUTE,2024-04-24T12:00:00.000000+0530,2024-04-24T13:05:00.000000+0530,381.92637,381.19387451461466,51,-53.893231395790075,TSL
JIOFIN_MINUTE,2024-04-24T13:25:00.000000+0530,2024-04-24T15:15:00.000000+0530,380.37606,382.12356,51,72.58418042400132,EOD
JIOFIN_MINUTE,2024-04-25T10:55:00.000000+0530,2024-04-25T11:35:00.000000+0530,383.97677999999996,383.6252168373589,51,-34.565253360982815,TSL
JIOFIN_MINUTE,2024-04-25T12:25:00.000000+0530,2024-04-25T13:20:00.000000+0530,383.32665,382.7349102599947,51,-46.77933871806161,TSL
JIOFIN_MINUTE,2024-04-25T13:25:00.000000+0530,2024-04-25T14:45:00.000000+0530,382.67652000000004,382.2233778684069,51,-39.68656521646,TSL
JIOFIN_MINUTE,2024-04-26T13:45:00.000000+0530,2024-04-26T15:15:00.000000+0530,381.47628,381.67365,51,-6.47666296649782,EOD
JIOFIN_MINUTE,2024-04-29T10:40:00.000000+0530,2024-04-29T12:25:00.000000+0530,379.67592,379.91006547299116,51,-4.524099789969586,TSL
JIOFIN_MINUTE,2024-04-29T13:00:00.000000+0530,2024-04-29T14:05:00.000000+0530,379.27583999999996,379.1908051396282,52,-21.183372870325748,TSL
JIOFIN_MINUTE,2024-04-29T14:10:00.000000+0530,2024-04-29T15:15:00.000000+0530,379.27583999999996,380.17395,52,29.912041926000935,EOD
JIOFIN_MINUTE,2024-04-30T11:30:00.000000+0530,2024-04-30T13:15:00.000000+0530,380.07599999999996,379.7305305131711,51,-34.08554800916531,TSL
JIOFIN_MINUTE,2024-04-30T14:50:00.000000+0530,2024-04-30T15:00:00.000000+0530,379.42587000000003,378.30160523989747,52,-75.20023700719318,TSL
JIOFIN_MINUTE,2024-05-02T09:15:00.000000+0530,2024-05-02T09:20:00.000000+0530,377.17542000000003,374.96707538474703,52,-131.44191490115804,TSL
JIOFIN_MINUTE,2024-05-02T09:25:00.000000+0530,2024-05-02T10:05:00.000000+0530,375.37506,373.8660033935791,52,-95.01936216694456,TSL
JIOFIN_MINUTE,2024-05-02T10:15:00.000000+0530,2024-05-02T11:15:00.000000+0530,373.67472000000004,373.72404788761156,52,-13.952783245788183,TSL
JIOFIN_MINUTE,2024-05-03T10:30:00.000000+0530,2024-05-03T11:20:00.000000+0530,381.52628999999996,379.72331102981326,51,-108.44051859091013,TSL
JIOFIN_MINUTE,2024-05-03T11:40:00.000000+0530,2024-05-03T12:20:00.000000+0530,379.0758,377.1692644254414,51,-113.61277190962163,TSL
JIOFIN_MINUTE,2024-05-03T12:30:00.000000+0530,2024-05-03T13:30:00.000000+0530,377.72553,377.08853617037124,52,-49.800929543168074,TSL
JIOFIN_MINUTE,2024-05-03T13:55:00.000000+0530,2024-05-03T15:15:00.000000+0530,375.77513999999996,375.82482,52,-14.027322035999457,EOD
JIOFIN_MINUTE,2024-05-06T10:10:00.000000+0530,2024-05-06T12:35:00.000000+0530,370.5741,371.8653918035482,53,51.706461226983286,TSL
JIOFIN_MINUTE,2024-05-06T12:55:00.000000+0530,2024-05-06T14:30:00.000000+0530,371.67432,370.8901949549659,52,-57.18008130948579,TSL
JIOFIN_MINUTE,2024-05-06T14:45:00.000000+0530,2024-05-06T15:15:00.000000+0530,371.0742,370.07597,52,-68.28089026200045,EOD
JIOFIN_MINUTE,2024-05-07T09:40:00.000000+0530,2024-05-07T10:30:00.000000+0530,366.67332,364.7033024167307,53,-120.87213896672078,TSL
JIOFIN_MINUTE,2024-05-07T10:55:00.000000+0530,2024-05-07T11:15:00.000000+0530,361.97238,359.4873031347589,54,-150.73487618212087,TSL
JIOFIN_MINUTE,2024-05-07T11:50:00.000000+0530,2024-05-07T12:50:00.000000+0530,356.82135,355.3073253391308,54,-98.09046511950696,TSL
JIOFIN_MINUTE,2024-05-08T13:40:00.000000+0530,2024-05-08T13:45:00.000000+0530,360.32205,359.1000045362102,54,-82.49294238937719,TSL
JIOFIN_MINUTE,2024-05-08T13:55:00.000000+0530,2024-05-08T14:05:00.000000+0530,359.72193,358.7700467665916,54,-67.88466025902154,TSL
JIOFIN_MINUTE,2024-05-08T14:40:00.000000+0530,2024-05-08T15:15:00.000000+0530,356.47128,355.07896999999997,54,-91.5054201450006,EOD
JIOFIN_MINUTE,2024-05-09T09:40:00.000000+0530,2024-05-09T10:10:00.000000+0530,351.87036,349.6277230481758,55,-139.72713191253848,TSL
JIOFIN_MINUTE,2024-05-09T10:25:00.000000+0530,2024-05-09T12:15:00.000000+0530,349.81995,349.7411280084733,55,-20.68690783122142,TSL
JIOFIN_MINUTE,2024-05-09T13:00:00.000000+0530,2024-05-09T13:10:00.000000+0530,348.71972999999997,347.575189792234,55,-79.21773646334401,TSL
JIOFIN_MINUTE,2024-05-09T13:15:00.000000+0530,2024-05-09T14:30:00.000000+0530,347.96957999999995,347.91622996041787,56,-19.549311043376274,TSL
JIOFIN_MINUTE,2024-05-09T14:45:00.000000+0530,2024-05-09T15:00:00.000000+0530,347.0694,346.00842967547317,56,-75.90216372750574,TSL
JIOFIN_MINUTE,2024-05-10T09:40:00.000000+0530,2024-05-10T11:50:00.000000+0530,341.61831,345.0582676976621,57,179.4183389734152,TSL
JIOFIN_MINUTE,2024-05-10T12:55:00.000000+0530,2024-05-10T15:15:00.000000+0530,342.36846,347.73044000000004,57,288.87701004000155,EOD
JIOFIN_MINUTE,2024-05-13T09:25:00.000000+0530,2024-05-13T10:00:00.000000+0530,344.66892,341.76672499375456,56,-178.83977333555146,TSL
JIOFIN_MINUTE,2024-05-13T10:10:00.000000+0530,2024-05-13T10:30:00.000000+0530,341.71833,338.6252531500085,57,-192.76466557876304,TSL
JIOFIN_MINUTE,2024-05-13T10:50:00.000000+0530,2024-05-13T12:15:00.000000+0530,337.66752,339.6546330607803,57,96.84315712602405,TSL
JIOFIN_MINUTE,2024-05-15T13:40:00.000000+0530,2024-05-15T14:25:00.000000+0530,354.92097,354.48523875426616,55,-40.54459299267745,TSL
JIOFIN_MINUTE,2024-05-15T14:35:00.000000+0530,2024-05-15T15:10:00.000000+0530,354.42087000000004,353.43085821115005,55,-70.98987620263536,TSL
JIOFIN_MINUTE,2024-05-16T11:25:00.000000+0530,2024-05-16T13:00:00.000000+0530,354.87096,354.3288372966549,55,-46.39056685220494,TSL
JIOFIN_MINUTE,2024-05-16T13:40:00.000000+0530,2024-05-16T15:15:00.000000+0530,353.02058999999997,354.37910999999997,55,58.173792187500155,EOD
JIOFIN_MINUTE,2024-05-21T09:20:00.000000+0530,2024-05-21T10:05:00.000000+0530,360.47207999999995,359.6792570594539,54,-59.334560420151675,TSL
JIOFIN_MINUTE,2024-05-21T10:35:00.000000+0530,2024-05-21T12:00:00.000000+0530,358.37166,357.7731753000653,54,-48.74965799488885,TSL
JIOFIN_MINUTE,2024-05-22T09:45:00.000000+0530,2024-05-22T11:15:00.000000+0530,356.32125,356.504465100576,54,-6.466971432382117,TSL
JIOFIN_MINUTE,2024-05-22T11:25:00.000000+0530,2024-05-22T12:35:00.000000+0530,356.62131,358.4690614450689,54,83.35478168680316,TSL
JIOFIN_MINUTE,2024-05-22T14:30:00.000000+0530,2024-05-22T14:55:00.000000+0530,358.72173,358.200099825151,54,-44.61786443265081,TSL
JIOFIN_MINUTE,2024-05-23T09:15:00.000000+0530,2024-05-23T10:00:00.000000+0530,359.77194,359.72982830851385,54,-18.786312669016574,TSL
JIOFIN_MINUTE,2024-05-24T10:10:00.000000+0530,2024-05-24T12:05:00.000000+0530,365.37306,366.3343713035927,53,34.461420512913435,TSL
JIOFIN_MINUTE,2024-05-24T12:15:00.000000+0530,2024-05-24T14:25:00.000000+0530,366.0732,365.9019926904465,53,-25.560594373263044,TSL
JIOFIN_MINUTE,2024-05-24T14:40:00.000000+0530,2024-05-24T15:10:00.000000+0530,367.97357999999997,366.3481320652518,53,-102.67856851335766,TSL
JIOFIN_MINUTE,2024-05-27T10:20:00.000000+0530,2024-05-27T12:50:00.000000+0530,361.22222999999997,360.47202818069417,54,-57.06871760547837,TSL
JIOFIN_MINUTE,2024-05-28T09:45:00.000000+0530,2024-05-28T11:25:00.000000+0530,358.32165,357.45373787767835,54,-63.28844135033468,TSL
JIOFIN_MINUTE,2024-05-28T12:25:00.000000+0530,2024-05-28T12:35:00.000000+0530,356.82135,355.41235981712043,54,-92.42172283206409,TSL
JIOFIN_MINUTE,2024-05-28T12:40:00.000000+0530,2024-05-28T13:55:00.000000+0530,356.5713,356.7516610105885,54,-6.6324848202357,TSL
JIOFIN_MINUTE,2024-05-29T10:35:00.000000+0530,2024-05-29T11:20:00.000000+0530,351.87036,350.7494346807692,55,-78.06692389678962,TSL
JIOFIN_MINUTE,2024-05-29T11:55:00.000000+0530,2024-05-29T14:30:00.000000+0530,350.52009,350.3672944998354,55,-24.785944652673468,TSL
JIOFIN_MINUTE,2024-05-30T14:20:00.000000+0530,2024-05-30T14:30:00.000000+0530,348.91977,347.94795423371306,55,-69.7324689663539,TSL
JIOFIN_MINUTE,2024-05-30T14:45:00.000000+0530,2024-05-30T14:55:00.000000+0530,348.41967,347.2916029032138,55,-78.29818586606251,TSL
JIOFIN_MINUTE,2024-05-31T10:15:00.000000+0530,2024-05-31T13:30:00.000000+0530,343.96878,344.8841276571896,56,34.85836216677692,TSL
JIOFIN_MINUTE,2024-06-03T13:45:00.000000+0530,2024-06-03T14:45:00.000000+0530,355.32105,355.9588197415552,54,18.11138808765626,TSL
JIOFIN_MINUTE,2024-06-04T09:35:00.000000+0530,2024-06-04T10:45:00.000000+0530,348.26964,347.23383917769866,55,-73.21931792170034,TSL
JIOFIN_MINUTE,2024-06-04T11:30:00.000000+0530,2024-06-04T11:55:00.000000+0530,344.41887,332.4425610874182,56,-686.6987670020753,TSL
JIOFIN_MINUTE,2024-06-04T12:30:00.000000+0530,2024-06-04T14:15:00.000000+0530,321.36426,337.10612269126557,60,927.6027027471248,TSL
JIOFIN_MINUTE,2024-06-05T12:55:00.000000+0530,2024-06-05T15:00:00.000000+0530,342.86856,345.03416348958785,56,104.8865513734413,TSL
JIOFIN_MINUTE,2024-06-06T11:50:00.000000+0530,2024-06-06T13:00:00.000000+0530,349.51989,348.65190626788774,55,-64.05290361577688,TSL
JIOFIN_MINUTE,2024-06-06T13:10:00.000000+0530,2024-06-06T14:30:00.000000+0530,349.0698,348.91542207043,55,-24.805129343979626,TSL
JIOFIN_MINUTE,2024-06-07T11:30:00.000000+0530,2024-06-07T12:10:00.000000+0530,350.87016,351.00224128677,55,-9.142704666572723,TSL
JIOFIN_MINUTE,2024-06-10T12:15:00.000000+0530,2024-06-10T13:05:00.000000+0530,353.02058999999997,352.8396277489577,55,-26.451162281728774,TSL
JIOFIN_MINUTE,2024-06-10T13:55:00.000000+0530,2024-06-10T14:30:00.000000+0530,352.0704,351.418526994506,55,-52.292587343751286,TSL
JIOFIN_MINUTE,2024-06-10T14:45:00.000000+0530,2024-06-10T15:15:00.000000+0530,350.22002999999995,349.88000999999997,55,-35.0636007974984,EOD
JIOFIN_MINUTE,2024-06-11T12:50:00.000000+0530,2024-06-11T13:25:00.000000+0530,352.42047,351.58508844576096,55,-62.396372163631796,TSL
JIOFIN_MINUTE,2024-06-12T12:55:00.000000+0530,2024-06-12T14:30:00.000000+0530,352.77054,354.466743210782,55,76.74784370088503,TP
JIOFIN_MINUTE,2024-06-13T11:25:00.000000+0530,2024-06-13T12:50:00.000000+0530,359.77194,363.43934986042507,54,181.41767834409828,TP
JIOFIN_MINUTE,2024-06-14T09:25:00.000000+0530,2024-06-14T10:25:00.000000+0530,359.12181,358.50789923359685,54,-49.61663931501019,TSL
JIOFIN_MINUTE,2024-06-14T10:55:00.000000+0530,2024-06-14T13:10:00.000000+0530,357.67152,358.5025830275507,54,28.43559814782052,TSL
JIOFIN_MINUTE,2024-06-18T13:15:00.000000+0530,2024-06-18T14:35:00.000000+0530,362.82255,363.3840443036916,53,13.39767465920415,TSL
JIOFIN_MINUTE,2024-06-19T09:50:00.000000+0530,2024-06-19T10:20:00.000000+0530,359.97198,359.97293305356703,54,-16.47127729506906,TSL
JIOFIN_MINUTE,2024-06-19T10:30:00.000000+0530,2024-06-19T12:35:00.000000+0530,359.22182999999995,360.3568228089237,54,44.76762039845968,TSL
JIOFIN_MINUTE,2024-06-19T13:25:00.000000+0530,2024-06-19T14:35:00.000000+0530,359.52189,358.9611426232402,54,-46.76575889893613,TSL
JIOFIN_MINUTE,2024-06-20T12:50:00.000000+0530,2024-06-20T13:05:00.000000+0530,362.52249,361.02681258334144,54,-97.36194117128838,TSL
JIOFIN_MINUTE,2024-06-20T13:10:00.000000+0530,2024-06-20T13:30:00.000000+0530,361.5723,360.0730152200062,54,-97.51301793170182,TSL
JIOFIN_MINUTE,2024-06-20T13:40:00.000000+0530,2024-06-20T15:00:00.000000+0530,360.5721,363.80483995462333,54,157.9216857830092,TP
JIOFIN_MINUTE,2024-06-21T13:05:00.000000+0530,2024-06-21T14:25:00.000000+0530,362.72252999999995,362.327228253559,54,-37.983517972942764,TSL
JIOFIN_MINUTE,2024-06-21T14:40:00.000000+0530,2024-06-21T15:05:00.000000+0530,362.17242,361.580970136369,54,-48.5444406531242,TSL
JIOFIN_MINUTE,2024-06-24T09:45:00.000000+0530,2024-06-24T11:35:00.000000+0530,355.07099999999997,355.344992169073,55,-1.5382882140987455,TSL
JIOFIN_MINUTE,2024-06-24T12:00:00.000000+0530,2024-06-24T14:50:00.000000+0530,355.02099,355.3099918805088,55,-0.7108701614000843,TSL
JIOFIN_MINUTE,2024-06-25T14:40:00.000000+0530,2024-06-25T15:15:00.000000+0530,359.27184,358.72824,54,-45.82883253599653,EOD
JIOFIN_MINUTE,2024-06-26T10:15:00.000000+0530,2024-06-26T12:00:00.000000+0530,354.37086,354.7089145235742,55,2.0159349422410777,TSL
JIOFIN_MINUTE,2024-06-26T13:10:00.000000+0530,2024-06-26T13:50:00.000000+0530,354.67092,354.4542677003905,55,-28.490188256457472,TSL
JIOFIN_MINUTE,2024-06-27T13:05:00.000000+0530,2024-06-27T13:30:00.000000+0530,353.82075,352.9810461538198,55,-62.6994305610597,TSL
JIOFIN_MINUTE,2024-06-27T13:40:00.000000+0530,2024-06-27T13:55:00.000000+0530,353.22062999999997,352.11826130763257,55,-77.10999587976295,TSL
JIOFIN_MINUTE,2024-06-27T14:25:00.000000+0530,2024-06-27T15:15:00.000000+0530,350.07,353.62926,55,179.28585988500154,EOD
JIOFIN_MINUTE,2024-06-28T12:10:00.000000+0530,2024-06-28T14:30:00.000000+0530,357.17142,357.1429845906551,54,-17.928835750969288,TSL
JIOFIN_MINUTE,2024-07-01T09:40:00.000000+0530,2024-07-01T11:00:00.000000+0530,354.47087999999997,353.83488718625927,55,-51.531879613123614,TSL
JIOFIN_MINUTE,2024-07-01T13:05:00.000000+0530,2024-07-01T13:25:00.000000+0530,353.5707,353.1488306453464,55,-39.71948318297021,TSL
JIOFIN_MINUTE,2024-07-01T13:30:00.000000+0530,2024-07-01T14:10:00.000000+0530,353.5707,353.16673958802704,55,-38.7350330810507,TSL
JIOFIN_MINUTE,2024-07-01T14:20:00.000000+0530,2024-07-01T15:15:00.000000+0530,353.37066,352.62946,55,-57.26365705499962,EOD
JIOFIN_MINUTE,2024-07-02T12:00:00.000000+0530,2024-07-02T12:15:00.000000+0530,353.12061,352.1780757906234,55,-68.31925837338055,TSL
JIOFIN_MINUTE,2024-07-02T12:50:00.000000+0530,2024-07-02T12:55:00.000000+0530,352.17042000000004,351.02996492720655,55,-79.15449737268706,TSL
JIOFIN_MINUTE,2024-07-02T13:05:00.000000+0530,2024-07-02T14:50:00.000000+0530,351.27024,351.81604348458444,55,13.580797376734814,TSL
JIOFIN_MINUTE,2024-07-03T09:15:00.000000+0530,2024-07-03T09:55:00.000000+0530,354.17082,352.4169018851464,55,-112.96992612897074,TSL
JIOFIN_MINUTE,2024-07-03T11:40:00.000000+0530,2024-07-03T12:25:00.000000+0530,352.0704,351.819808577189,55,-30.234239064063644,TSL
JIOFIN_MINUTE,2024-07-03T13:15:00.000000+0530,2024-07-03T14:20:00.000000+0530,350.92017000000004,350.37806041035435,55,-46.205146562925115,TSL
JIOFIN_MINUTE,2024-07-03T14:30:00.000000+0530,2024-07-03T15:15:00.000000+0530,350.52009,351.17975,55,19.874531077498737,EOD
JIOFIN_MINUTE,2024-07-04T13:35:00.000000+0530,2024-07-04T13:50:00.000000+0530,351.97038,351.19659130765365,55,-58.98958623610406,TSL
JIOFIN_MINUTE,2024-07-04T13:55:00.000000+0530,2024-07-04T14:55:00.000000+0530,351.47027999999995,351.16207421040104,55,-33.3732307928068,TSL
JIOFIN_MINUTE,2024-07-05T09:30:00.000000+0530,2024-07-05T10:00:00.000000+0530,350.77013999999997,349.9732126706051,55,-60.2054001100024,TSL
JIOFIN_MINUTE,2024-07-05T12:15:00.000000+0530,2024-07-05T14:20:00.000000+0530,350.22002999999995,349.95469206418875,55,-30.95834639955653,TSL
JIOFIN_MINUTE,2024-07-08T11:15:00.000000+0530,2024-07-08T13:30:00.000000+0530,350.97017999999997,350.28900101987733,55,-53.85209415759724,TSL
JIOFIN_MINUTE,2024-07-08T14:55:00.000000+0530,2024-07-08T15:15:00.000000+0530,349.31985,348.18035000000003,55,-78.96873311249695,EOD
JIOFIN_MINUTE,2024-07-10T09:15:00.000000+0530,2024-07-10T10:05:00.000000+0530,349.96997999999996,349.06466036466156,55,-66.12629058964352,TSL
JIOFIN_MINUTE,2024-07-10T10:40:00.000000+0530,2024-07-10T12:05:00.000000+0530,345.81915,348.72109236471584,56,145.95840105925427,TSL
JIOFIN_MINUTE,2024-07-10T14:15:00.000000+0530,2024-07-10T15:15:00.000000+0530,346.96937999999994,347.88041,56,34.47387778800448,EOD
JIOFIN_MINUTE,2024-07-11T10:35:00.000000+0530,2024-07-11T12:40:00.000000+0530,347.31945,347.73418029755817,56,6.679717150093033,TSL
JIOFIN_MINUTE,2024-07-11T14:10:00.000000+0530,2024-07-11T15:15:00.000000+0530,347.76954,348.03038000000004,56,-1.954823975997403,EOD
JIOFIN_MINUTE,2024-07-12T13:40:00.000000+0530,2024-07-12T15:10:00.000000+0530,350.72013,350.2629523623564,55,-41.52710652435878,TSL
JIOFIN_MINUTE,2024-07-16T10:05:00.000000+0530,2024-07-16T11:05:00.000000+0530,348.26964,347.91004846618824,56,-36.703685338214555,TSL
JIOFIN_MINUTE,2024-07-16T11:10:00.000000+0530,2024-07-16T12:15:00.000000+0530,347.91957,347.0741982624562,56,-63.87575138493818,TSL
JIOFIN_MINUTE,2024-07-16T12:20:00.000000+0530,2024-07-16T12:35:00.000000+0530,347.01939,346.2363880522353,56,-60.34211557882982,TSL
JIOFIN_MINUTE,2024-07-16T14:15:00.000000+0530,2024-07-16T15:15:00.000000+0530,344.0688,343.83122,56,-29.67483741600251,EOD
JIOFIN_MINUTE,2024-07-18T09:40:00.000000+0530,2024-07-18T10:25:00.000000+0530,341.96837999999997,340.48473184654154,57,-101.08980038851931,TSL
JIOFIN_MINUTE,2024-07-18T11:25:00.000000+0530,2024-07-18T12:25:00.000000+0530,338.01759,337.3572741555022,57,-53.99425447014829,TSL
JIOFIN_MINUTE,2024-07-18T13:05:00.000000+0530,2024-07-18T13:45:00.000000+0530,337.5675,337.6322692058905,57,-12.665331153844424,TSL
JIOFIN_MINUTE,2024-07-18T14:45:00.000000+0530,2024-07-18T15:10:00.000000+0530,337.46747999999997,336.84750616706174,57,-51.66937170381556,TSL
JIOFIN_MINUTE,2024-07-19T09:20:00.000000+0530,2024-07-19T10:00:00.000000+0530,335.71713,334.39460181514147,57,-91.6081402268426,TSL
JIOFIN_MINUTE,2024-07-19T10:15:00.000000+0530,2024-07-19T13:30:00.000000+0530,333.41667,337.86681871339243,58,241.52922380180354,TP
JIOFIN_MINUTE,2024-07-22T09:20:00.000000+0530,2024-07-22T11:00:00.000000+0530,336.86736,340.6912533390708,57,201.52081767885414,TSL
JIOFIN_MINUTE,2024-07-22T12:45:00.000000+0530,2024-07-22T14:45:00.000000+0530,338.46768,339.045934388713,57,16.543612785558985,TSL
JIOFIN_MINUTE,2024-07-23T10:00:00.000000+0530,2024-07-23T11:15:00.000000+0530,339.21783,338.1940682626971,57,-74.75742795930108,TSL
JIOFIN_MINUTE,2024-07-23T12:35:00.000000+0530,2024-07-23T13:35:00.000000+0530,334.16682000000003,334.7062084218035,58,14.792897747947237,TSL
JIOFIN_MINUTE,2024-07-24T12:40:00.000000+0530,2024-07-24T13:50:00.000000+0530,335.5671,335.4206352421049,58,-25.03374176213764,TSL
JIOFIN_MINUTE,2024-07-24T14:30:00.000000+0530,2024-07-24T15:00:00.000000+0530,335.067,334.90899433936426,58,-25.67809103629624,TSL
JIOFIN_MINUTE,2024-07-25T10:10:00.000000+0530,2024-07-25T11:15:00.000000+0530,331.91637000000003,332.57131375325827,58,21.602367942248947,TSL
JIOFIN_MINUTE,2024-07-25T12:05:00.000000+0530,2024-07-25T13:25:00.000000+0530,330.5661,329.9671380841654,59,-51.89720663507182,TSL
JIOFIN_MINUTE,2024-07-25T13:45:00.000000+0530,2024-07-25T15:15:00.000000+0530,329.46587999999997,328.88421,59,-50.82236869050046,EOD
JIOFIN_MINUTE,2024-07-26T11:30:00.000000+0530,2024-07-26T13:15:00.000000+0530,333.91677000000004,333.12251157322527,58,-62.503748670122484,TSL
JIOFIN_MINUTE,2024-07-26T14:25:00.000000+0530,2024-07-26T15:15:00.000000+0530,331.96637999999996,331.78363,58,-26.959612808996624,EOD
JIOFIN_MINUTE,2024-07-29T11:30:00.000000+0530,2024-07-29T12:15:00.000000+0530,333.01659,332.4280408892411,58,-50.53479159438221,TSL
JIOFIN_MINUTE,2024-07-29T12:25:00.000000+0530,2024-07-29T12:50:00.000000+0530,332.21642999999995,331.21157436264974,58,-74.62784207048114,TSL
JIOFIN_MINUTE,2024-07-29T13:35:00.000000+0530,2024-07-29T14:45:00.000000+0530,330.46608,329.93405472068275,59,-47.94510117140268,TSL
JIOFIN_MINUTE,2024-07-30T10:10:00.000000+0530,2024-07-30T12:15:00.000000+0530,330.31605,330.0051009318104,59,-34.90125463342903,TSL
JIOFIN_MINUTE,2024-07-30T13:25:00.000000+0530,2024-07-30T14:25:00.000000+0530,329.91597,329.9092533067286,59,-16.941352841813725,TSL
JIOFIN_MINUTE,2024-07-31T09:15:00.000000+0530,2024-07-31T09:50:00.000000+0530,330.01599,330.081582017489,59,-12.682501327616603,TSL
JIOFIN_MINUTE,2024-07-31T11:10:00.000000+0530,2024-07-31T11:40:00.000000+0530,328.51569,328.00970135109463,59,-46.31197280725874,TSL
JIOFIN_MINUTE,2024-07-31T11:45:00.000000+0530,2024-07-31T13:10:00.000000+0530,328.26563999999996,329.8634243920861,59,77.7549091835578,TP
JIOFIN_MINUTE,2024-07-31T14:20:00.000000+0530,2024-07-31T15:15:00.000000+0530,328.91577,328.03438000000006,59,-68.46853475999652,EOD
JIOFIN_MINUTE,2024-08-01T12:50:00.000000+0530,2024-08-01T13:30:00.000000+0530,330.26604,329.7903593330951,59,-44.612565415743845,TSL
JIOFIN_MINUTE,2024-08-01T13:35:00.000000+0530,2024-08-01T14:25:00.000000+0530,329.96597999999994,329.52513868265856,59,-42.54312631939435,TSL
JIOFIN_MINUTE,2024-08-01T14:40:00.000000+0530,2024-08-01T15:15:00.000000+0530,328.96578,328.53428,59,-41.942131691997005,EOD
JIOFIN_MINUTE,2024-08-02T09:20:00.000000+0530,2024-08-02T09:45:00.000000+0530,328.16562,326.4261270369789,59,-119.03114411459359,TSL
JIOFIN_MINUTE,2024-08-02T10:10:00.000000+0530,2024-08-02T12:00:00.000000+0530,326.96538,326.8989245718139,59,-20.316027591335676,TSL
JIOFIN_MINUTE,2024-08-02T12:35:00.000000+0530,2024-08-02T14:35:00.000000+0530,326.5653,327.01643787946114,59,10.225245669020453,TSL
JIOFIN_MINUTE,2024-08-02T14:40:00.000000+0530,2024-08-02T15:15:00.000000+0530,326.71533,326.18475,59,-47.671776478501805,EOD
JIOFIN_MINUTE,2024-08-05T09:35:00.000000+0530,2024-08-05T10:25:00.000000+0530,319.51389,319.649440065856,60,-8.166677590810043,TSL
JIOFIN_MINUTE,2024-08-05T11:25:00.000000+0530,2024-08-05T12:35:00.000000+0530,316.31325,316.79831258449775,61,13.17170179215682,TSL
JIOFIN_MINUTE,2024-08-05T13:00:00.000000+0530,2024-08-05T14:20:00.000000+0530,315.91317000000004,317.1327632619025,61,57.97417375761329,TSL
JIOFIN_MINUTE,2024-08-06T12:45:00.000000+0530,2024-08-06T13:00:00.000000+0530,318.91377,317.8754101984644,61,-79.84078989682837,TSL
JIOFIN_MINUTE,2024-08-06T13:55:00.000000+0530,2024-08-06T14:10:00.000000+0530,316.51329,315.07364352726137,61,-104.1813487843956,TSL
JIOFIN_MINUTE,2024-08-06T14:20:00.000000+0530,2024-08-06T14:40:00.000000+0530,315.063,314.1907037044641,61,-69.51682503697577,TSL
JIOFIN_MINUTE,2024-08-06T14:55:00.000000+0530,2024-08-06T15:10:00.000000+0530,313.81275,312.02967194430653,61,-124.9791302160343,TSL
JIOFIN_MINUTE,2024-08-08T13:30:00.000000+0530,2024-08-08T14:05:00.000000+0530,325.71513,325.4490654423702,59,-32.02378887476173,TSL
JIOFIN_MINUTE,2024-08-08T14:40:00.000000+0530,2024-08-08T15:15:00.000000+0530,324.91497000000004,326.18475,59,58.58132989349714,EOD
JIOFIN_MINUTE,2024-08-09T11:30:00.000000+0530,2024-08-09T12:15:00.000000+0530,327.11541,326.13959378185643,59,-73.94632944568991,TSL
JIOFIN_MINUTE,2024-08-09T13:10:00.000000+0530,2024-08-09T14:20:00.000000+0530,325.46507999999994,325.55461642503263,59,-11.04233014206293,TSL
JIOFIN_MINUTE,2024-08-12T09:20:00.000000+0530,2024-08-12T11:45:00.000000+0530,325.065,328.375132877557,59,178.88841621398666,TSL
JIOFIN_MINUTE,2024-08-12T12:15:00.000000+0530,2024-08-12T14:05:00.000000+0530,326.36526,325.8460762846393,59,-46.982209483715074,TSL
JIOFIN_MINUTE,2024-08-13T11:50:00.000000+0530,2024-08-13T12:10:00.000000+0530,331.16622,330.16693241592134,58,-74.253297248631,TSL
JIOFIN_MINUTE,2024-08-13T14:10:00.000000+0530,2024-08-13T14:55:00.000000+0530,326.0652,324.7024534687739,59,-96.7099939974017,TSL
JIOFIN_MINUTE,2024-08-14T09:15:00.000000+0530,2024-08-14T09:30:00.000000+0530,325.36506,323.8204185788361,59,-107.40077799355419,TSL
JIOFIN_MINUTE,2024-08-14T13:25:00.000000+0530,2024-08-14T13:55:00.000000+0530,322.81455,321.75760325945066,60,-79.84546724052177,TSL
JIOFIN_MINUTE,2024-08-14T14:00:00.000000+0530,2024-08-14T14:35:00.000000+0530,322.0644,321.3399357269327,60,-59.86923346302403,TSL
JIOFIN_MINUTE,2024-08-14T14:55:00.000000+0530,2024-08-14T15:10:00.000000+0530,321.51428999999996,320.21380391535524,60,-94.38347782788885,TSL
JIOFIN_MINUTE,2024-08-16T12:35:00.000000+0530,2024-08-16T13:35:00.000000+0530,320.21403,319.9457588314811,60,-32.41833269257004,TSL
JIOFIN_MINUTE,2024-08-19T12:35:00.000000+0530,2024-08-19T12:40:00.000000+0530,331.71632999999997,330.3306953222038,58,-96.67622463495677,TSL
JIOFIN_MINUTE,2024-08-19T12:45:00.000000+0530,2024-08-19T13:25:00.000000+0530,330.81615,329.8776414902607,58,-70.71279133841603,TSL
JIOFIN_MINUTE,2024-08-19T14:05:00.000000+0530,2024-08-19T15:10:00.000000+0530,329.81595,331.23452818675577,58,65.972355852678,TSL
JIOFIN_MINUTE,2024-08-20T11:00:00.000000+0530,2024-08-20T11:35:00.000000+0530,333.81675,333.8240153267248,58,-16.036008588883703,TSL
JIOFIN_MINUTE,2024-08-20T14:20:00.000000+0530,2024-08-20T14:30:00.000000+0530,333.81675,333.0983838863746,58,-58.09948448624838,TSL
JIOFIN_MINUTE,2024-08-20T14:40:00.000000+0530,2024-08-20T15:05:00.000000+0530,333.21662999999995,332.7813881468669,58,-41.65772312560138,TSL
JIOFIN_MINUTE,2024-08-21T12:20:00.000000+0530,2024-08-21T12:45:00.000000+0530,333.76673999999997,332.3164283145441,57,-98.79329735264386,TSL
JIOFIN_MINUTE,2024-08-21T13:35:00.000000+0530,2024-08-21T15:15:00.000000+0530,331.0662,331.08376999999996,58,-15.30306414300128,EOD
JIOFIN_MINUTE,2024-08-22T13:15:00.000000+0530,2024-08-22T14:15:00.000000+0530,330.71612999999996,330.0371037202681,58,-55.66616849512605,TSL
JIOFIN_MINUTE,2024-08-22T14:20:00.000000+0530,2024-08-22T15:15:00.000000+0530,330.01599,329.33412,58,-55.79649665400179,EOD
JIOFIN_MINUTE,2024-08-23T11:15:00.000000+0530,2024-08-23T11:45:00.000000+0530,330.76614,329.97266177746735,58,-62.30319565359717,TSL
JIOFIN_MINUTE,2024-08-23T12:00:00.000000+0530,2024-08-23T12:50:00.000000+0530,330.36606,329.7034595560638,58,-54.69673555213376,TSL
JIOFIN_MINUTE,2024-08-23T13:10:00.000000+0530,2024-08-23T13:30:00.000000+0530,329.26583999999997,328.42754743532475,58,-64.82703313034871,TSL
JIOFIN_MINUTE,2024-08-23T13:35:00.000000+0530,2024-08-23T14:05:00.000000+0530,328.86576,327.95448195304346,58,-69.03813892178165,TSL
JIOFIN_MINUTE,2024-08-23T14:10:00.000000+0530,2024-08-23T15:00:00.000000+0530,328.16562,327.62197376449274,58,-47.692704410509165,TSL
JIOFIN_MINUTE,2024-08-26T09:15:00.000000+0530,2024-08-26T10:00:00.000000+0530,332.0664,330.1061908582797,58,-130.00047306815614,TSL
JIOFIN_MINUTE,2024-08-26T11:15:00.000000+0530,2024-08-26T12:35:00.000000+0530,325.11501,324.4764395299842,59,-53.959453870679546,TSL
JIOFIN_MINUTE,2024-08-26T13:10:00.000000+0530,2024-08-26T15:15:00.000000+0530,323.5647,323.63526,59,-12.066019377000547,EOD
JIOFIN_MINUTE,2024-08-27T11:40:00.000000+0530,2024-08-27T12:05:00.000000+0530,324.0648,323.1689698139332,59,-69.07676100840163,TSL
JIOFIN_MINUTE,2024-08-27T13:00:00.000000+0530,2024-08-27T13:20:00.000000+0530,322.91457,324.31210128499333,59,66.21483023890555,TP
JIOFIN_MINUTE,2024-08-28T11:50:00.000000+0530,2024-08-28T12:35:00.000000+0530,327.21542999999997,326.2756527032354,58,-70.60882501557882,TSL
JIOFIN_MINUTE,2024-08-28T13:25:00.000000+0530,2024-08-28T14:15:00.000000+0530,325.36506,324.5876408461336,59,-62.15956058557711,TSL
JIOFIN_MINUTE,2024-08-28T14:20:00.000000+0530,2024-08-28T14:50:00.000000+0530,324.56489999999997,323.8644059739225,59,-57.583346242427815,TSL
JIOFIN_MINUTE,2024-08-29T09:15:00.000000+0530,2024-08-29T10:25:00.000000+0530,325.51509,330.1657292841337,59,257.91222275561955,TP
JIOFIN_MINUTE,2024-08-29T12:30:00.000000+0530,2024-08-29T12:45:00.000000+0530,326.0652,325.30216070330624,59,-61.34672765975431,TSL
JIOFIN_MINUTE,2024-08-29T12:50:00.000000+0530,2024-08-29T13:50:00.000000+0530,325.51509,328.17757294347774,59,140.67551433017292,TP
JIOFIN_MINUTE,2024-08-30T12:25:00.000000+0530,2024-08-30T13:15:00.000000+0530,325.86516,325.0569753257794,59,-63.99880796033823,TSL
JIOFIN_MINUTE,2024-08-30T13:30:00.000000+0530,2024-08-30T14:05:00.000000+0530,324.96497999999997,324.07545032772657,59,-68.75037917326688,TSL
JIOFIN_MINUTE,2024-08-30T14:20:00.000000+0530,2024-08-30T14:35:00.000000+0530,323.96477999999996,324.3140925257669,59,4.3512701117876915,TSL
JIOFIN_MINUTE,2024-09-03T14:20:00.000000+0530,2024-09-03T15:00:00.000000+0530,344.0688,343.5199468544979,56,-47.096546351236555,TSL
JIOFIN_MINUTE,2024-09-04T13:00:00.000000+0530,2024-09-04T14:00:00.000000+0530,345.41907000000003,345.4387864504206,55,-15.064533171995432,TSL
JIOFIN_MINUTE,2024-09-05T10:35:00.000000+0530,2024-09-05T12:05:00.000000+0530,346.46927999999997,349.4996286876027,55,150.38007093034847,TP
JIOFIN_MINUTE,2024-09-05T13:35:00.000000+0530,2024-09-05T14:25:00.000000+0530,347.81955,346.8014115612472,55,-72.22737940612777,TSL
JIOFIN_MINUTE,2024-09-05T14:30:00.000000+0530,2024-09-05T15:00:00.000000+0530,347.41947,346.2552234919803,55,-80.24019970671452,TSL
JIOFIN_MINUTE,2024-09-06T10:45:00.000000+0530,2024-09-06T11:25:00.000000+0530,338.21763,337.4206161907379,57,-61.79144491851737,TSL
JIOFIN_MINUTE,2024-09-06T13:10:00.000000+0530,2024-09-06T14:25:00.000000+0530,336.96738,336.8600032012808,57,-22.443180825354517,TSL
JIOFIN_MINUTE,2024-09-09T09:35:00.000000+0530,2024-09-09T10:20:00.000000+0530,334.5669,333.606238990621,57,-70.93732711695473,TSL
JIOFIN_MINUTE,2024-09-09T12:30:00.000000+0530,2024-09-09T13:40:00.000000+0530,333.61671,335.0832687868286,57,67.38414463176198,TSL
JIOFIN_MINUTE,2024-09-11T13:25:00.000000+0530,2024-09-11T13:55:00.000000+0530,350.97017999999997,349.8804728429227,54,-74.92135344160732,TSL
JIOFIN_MINUTE,2024-09-11T14:15:00.000000+0530,2024-09-11T14:35:00.000000+0530,348.86976,347.14004079430714,55,-111.39189358713496,TSL
JIOFIN_MINUTE,2024-09-12T11:30:00.000000+0530,2024-09-12T13:00:00.000000+0530,343.46867999999995,342.8529998450006,56,-50.808234899189564,TSL
JIOFIN_MINUTE,2024-09-13T12:25:00.000000+0530,2024-09-13T12:55:00.000000+0530,348.86976,347.8483101837116,55,-72.45850231891971,TSL
JIOFIN_MINUTE,2024-09-13T13:10:00.000000+0530,2024-09-13T14:05:00.000000+0530,348.0696,347.17836999114587,55,-65.26294457920632,TSL
JIOFIN_MINUTE,2024-09-16T10:45:00.000000+0530,2024-09-16T11:30:00.000000+0530,349.81995,348.8862067511246,54,-66.45113896978413,TSL
JIOFIN_MINUTE,2024-09-16T11:40:00.000000+0530,2024-09-16T14:05:00.000000+0530,348.91977,349.35368376002083,55,7.540131662405102,TSL
JIOFIN_MINUTE,2024-09-16T14:20:00.000000+0530,2024-09-16T15:00:00.000000+0530,349.26984,349.37927654732624,55,-10.312665372612752,TSL
JIOFIN_MINUTE,2024-09-17T09:55:00.000000+0530,2024-09-17T12:45:00.000000+0530,345.91917,345.43345599632636,55,-42.87129855094261,TSL
JIOFIN_MINUTE,2024-09-18T10:35:00.000000+0530,2024-09-18T12:25:00.000000+0530,348.0696,348.09732129502237,55,-14.748421142940224,TSL
JIOFIN_MINUTE,2024-09-18T13:30:00.000000+0530,2024-09-18T13:35:00.000000+0530,346.96937999999994,345.7217834816125,55,-84.80088723163212,TSL
JIOFIN_MINUTE,2024-09-18T13:40:00.000000+0530,2024-09-18T15:10:00.000000+0530,346.76934,347.3862372807926,55,17.699222655851493,TSL
JIOFIN_MINUTE,2024-09-19T10:45:00.000000+0530,2024-09-19T11:10:00.000000+0530,345.5691,344.3761212812692,55,-81.73309734895187,TSL
JIOFIN_MINUTE,2024-09-19T12:00:00.000000+0530,2024-09-19T13:45:00.000000+0530,340.46808,342.02855571541295,56,71.13229680309212,TSL
JIOFIN_MINUTE,2024-09-20T13:45:00.000000+0530,2024-09-20T15:05:00.000000+0530,350.47008,353.92597340756436,54,170.42902730226933,TP
JIOFIN_MINUTE,2024-09-23T12:15:00.000000+0530,2024-09-23T13:05:00.000000+0530,355.77114,355.44830414313867,54,-33.75344337156369,TSL
JIOFIN_MINUTE,2024-09-24T09:20:00.000000+0530,2024-09-24T10:00:00.000000+0530,354.12081,353.52049985000014,54,-48.65306406753813,TSL
JIOFIN_MINUTE,2024-09-24T11:35:00.000000+0530,2024-09-24T13:15:00.000000+0530,349.91997000000003,349.8146206978741,54,-21.747060063527506,TSL
JIOFIN_MINUTE,2024-09-24T14:50:00.000000+0530,2024-09-24T15:15:00.000000+0530,351.47027999999995,352.37951,54,32.93893001700208,EOD
JIOFIN_MINUTE,2024-09-25T12:40:00.000000+0530,2024-09-25T14:30:00.000000+0530,349.71993,350.3759632096737,55,19.712574799963228,TSL
JIOFIN_MINUTE,2024-09-26T11:35:00.000000+0530,2024-09-26T12:20:00.000000+0530,350.37006,349.7947778943229,54,-47.13013358202353,TSL
JIOFIN_MINUTE,2024-09-26T13:00:00.000000+0530,2024-09-26T14:30:00.000000+0530,349.86996,349.8745275048547,55,-16.105346030013017,TSL
JIOFIN_MINUTE,2024-09-27T09:15:00.000000+0530,2024-09-27T10:20:00.000000+0530,349.91997000000003,353.42997932389886,55,176.585576434888,TP
JIOFIN_MINUTE,2024-09-27T12:55:00.000000+0530,2024-09-27T13:25:00.000000+0530,356.92137,355.6203718752599,54,-86.59794997466463,TSL
JIOFIN_MINUTE,2024-09-27T13:35:00.000000+0530,2024-09-27T14:50:00.000000+0530,358.27164,359.85988444359043,53,67.990520802764,TSL
JIOFIN_MINUTE,2024-09-30T10:05:00.000000+0530,2024-09-30T11:20:00.000000+0530,353.82075,352.3492750144126,54,-95.65631883964502,TSL
JIOFIN_MINUTE,2024-09-30T13:55:00.000000+0530,2024-09-30T15:00:00.000000+0530,351.87036,350.63481995149823,54,-82.83331660365377,TSL
JIOFIN_MINUTE,2024-10-01T10:55:00.000000+0530,2024-10-01T12:20:00.000000+0530,348.46968,348.10368434177235,55,-36.40964737385776,TSL
JIOFIN_MINUTE,2024-10-01T12:45:00.000000+0530,2024-10-01T13:50:00.000000+0530,347.11941,350.2458901813359,55,155.63400153048894,TP
JIOFIN_MINUTE,2024-10-03T09:40:00.000000+0530,2024-10-03T10:10:00.000000+0530,346.96937999999994,344.62256015646824,55,-145.22491860897608,TSL
JIOFIN_MINUTE,2024-10-03T10:20:00.000000+0530,2024-10-03T10:50:00.000000+0530,345.01899,343.8590841029951,55,-79.88937496438133,TSL
JIOFIN_MINUTE,2024-10-03T11:05:00.000000+0530,2024-10-03T11:20:00.000000+0530,344.21882999999997,342.75868939303103,55,-96.35579443243083,TSL
JIOFIN_MINUTE,2024-10-03T11:35:00.000000+0530,2024-10-03T13:10:00.000000+0530,342.66852,342.3589859066606,56,-33.6353971289286,TSL
JIOFIN_MINUTE,2024-10-03T14:00:00.000000+0530,2024-10-03T15:10:00.000000+0530,340.66812,343.6432314273522,56,150.29880398776095,TP
JIOFIN_MINUTE,2024-10-04T12:50:00.000000+0530,2024-10-04T13:40:00.000000+0530,342.31845,340.7220365797506,56,-105.64434022062574,TSL
JIOFIN_MINUTE,2024-10-04T13:45:00.000000+0530,2024-10-04T14:20:00.000000+0530,341.0682,340.21515702472374,56,-63.97897921183075,TSL
JIOFIN_MINUTE,2024-10-04T14:25:00.000000+0530,2024-10-04T15:10:00.000000+0530,340.41807,340.041104572198,56,-37.3023535537359,TSL
JIOFIN_MINUTE,2024-10-07T09:15:00.000000+0530,2024-10-07T09:40:00.000000+0530,344.96898,343.02731691626985,55,-122.86003411187653,TSL
JIOFIN_MINUTE,2024-10-07T11:10:00.000000+0530,2024-10-07T12:50:00.000000+0530,333.36666,334.6635723625525,57,57.73173178592623,TSL
JIOFIN_MINUTE,2024-10-07T13:10:00.000000+0530,2024-10-07T15:15:00.000000+0530,333.0666,336.08277,57,155.6900563004992,EOD
JIOFIN_MINUTE,2024-10-08T09:20:00.000000+0530,2024-10-08T12:00:00.000000+0530,336.01718999999997,339.7231824746841,57,194.84535533741717,TSL
JIOFIN_MINUTE,2024-10-09T13:30:00.000000+0530,2024-10-09T14:35:00.000000+0530,344.96898,345.9126655438519,55,35.746858609154316,TSL
JIOFIN_MINUTE,2024-10-10T09:15:00.000000+0530,2024-10-10T10:50:00.000000+0530,344.76894,344.18182711181055,56,-49.27124020565183,TSL
JIOFIN_MINUTE,2024-10-11T09:20:00.000000+0530,2024-10-11T10:30:00.000000+0530,343.26864,343.0712136186616,56,-27.389383886403966,TSL
JIOFIN_MINUTE,2024-10-11T10:50:00.000000+0530,2024-10-11T13:35:00.000000+0530,342.76854,342.4466955737359,56,-34.32915756645765,TSL
JIOFIN_MINUTE,2024-10-14T13:30:00.000000+0530,2024-10-14T14:45:00.000000+0530,340.96817999999996,341.7176468723572,56,25.716975904334106,TSL
JIOFIN_MINUTE,2024-10-15T10:15:00.000000+0530,2024-10-15T11:45:00.000000+0530,337.76754,337.2888374547844,57,-43.63587506549345,TSL
JIOFIN_MINUTE,2024-10-15T12:35:00.000000+0530,2024-10-15T14:50:00.000000+0530,336.96738,336.9970843196697,57,-14.63385457024929,TSL
JIOFIN_MINUTE,2024-10-16T10:35:00.000000+0530,2024-10-16T11:05:00.000000+0530,337.01739,336.2635475568857,57,-59.27387884242282,TSL
JIOFIN_MINUTE,2024-10-16T11:10:00.000000+0530,2024-10-16T11:25:00.000000+0530,336.46727999999996,335.34728682740086,57,-80.10633876818841,TSL
JIOFIN_MINUTE,2024-10-16T11:40:00.000000+0530,2024-10-16T14:55:00.000000+0530,335.16702000000004,335.5667856378925,57,6.535266588123353,TSL
JIOFIN_MINUTE,2024-10-17T09:15:00.000000+0530,2024-10-17T09:35:00.000000+0530,334.36686000000003,332.9873673221785,57,-94.78790990737792,TSL
JIOFIN_MINUTE,2024-10-17T09:45:00.000000+0530,2024-10-17T11:05:00.000000+0530,332.21642999999995,332.20149705877617,58,-17.243904229156364,TSL
JIOFIN_MINUTE,2024-10-17T11:30:00.000000+0530,2024-10-17T13:25:00.000000+0530,331.01619,330.6604089600752,58,-36.94304906746281,TSL
JIOFIN_MINUTE,2024-10-17T14:00:00.000000+0530,2024-10-17T15:10:00.000000+0530,329.91597,329.1275789955487,58,-61.96638590613716,TSL
JIOFIN_MINUTE,2024-10-18T09:25:00.000000+0530,2024-10-18T09:45:00.000000+0530,326.61531,330.607960892138,58,215.34425139754376,TP
JIOFIN_MINUTE,2024-10-21T12:15:00.000000+0530,2024-10-21T12:55:00.000000+0530,329.06579999999997,328.2605313660705,58,-62.9028366384875,TSL
JIOFIN_MINUTE,2024-10-22T09:15:00.000000+0530,2024-10-22T09:25:00.000000+0530,327.96558,325.9350985025314,58,-133.87185758740998,TSL
JIOFIN_MINUTE,2024-10-22T09:45:00.000000+0530,2024-10-22T10:15:00.000000+0530,324.51489,322.54477740639686,59,-132.44713460242232,TSL
JIOFIN_MINUTE,2024-10-22T10:45:00.000000+0530,2024-10-22T11:25:00.000000+0530,319.96398,319.1914077312577,60,-62.647004219667124,TSL
JIOFIN_MINUTE,2024-10-22T11:30:00.000000+0530,2024-10-22T12:35:00.000000+0530,319.76394,318.5426817962209,60,-89.54315164602026,TSL
JIOFIN_MINUTE,2024-10-22T13:40:00.000000+0530,2024-10-22T14:20:00.000000+0530,317.81355,317.0606841847961,60,-61.355595390331615,TSL
JIOFIN_MINUTE,2024-10-22T14:30:00.000000+0530,2024-10-22T14:55:00.000000+0530,317.11341,315.53199141714106,60,-111.00571206830305,TSL
JIOFIN_MINUTE,2024-10-23T11:30:00.000000+0530,2024-10-23T12:25:00.000000+0530,317.11341,316.0621216398528,60,-79.21539300294663,TSL
JIOFIN_MINUTE,2024-10-23T14:55:00.000000+0530,2024-10-23T15:15:00.000000+0530,315.66312,314.63706,60,-77.62855913999768,EOD
JIOFIN_MINUTE,2024-10-24T09:15:00.000000+0530,2024-10-24T09:25:00.000000+0530,316.56329999999997,316.00692465913164,60,-49.50888836585308,TSL
JIOFIN_MINUTE,2024-10-24T14:30:00.000000+0530,2024-10-24T15:15:00.000000+0530,315.86316,316.08677,60,-2.6998002899995264,EOD
JIOFIN_MINUTE,2024-10-25T10:20:00.000000+0530,2024-10-25T10:45:00.000000+0530,312.01239,309.9263568940638,61,-143.35587547290157,TSL
JIOFIN_MINUTE,2024-10-25T10:55:00.000000+0530,2024-10-25T12:20:00.000000+0530,308.51169,310.5660388858995,62,111.04101156575926,TSL
JIOFIN_MINUTE,2024-10-25T14:25:00.000000+0530,2024-10-25T15:15:00.000000+0530,310.31205,311.28773,61,43.39406614350205,EOD
JIOFIN_MINUTE,2024-10-29T11:10:00.000000+0530,2024-10-29T11:40:00.000000+0530,316.56329999999997,320.6651653781813,60,229.83183283340134,TP
JIOFIN_MINUTE,2024-10-30T09:25:00.000000+0530,2024-10-30T11:15:00.000000+0530,322.96457999999996,323.1265103204419,59,-6.648039419821149,TSL
JIOFIN_MINUTE,2024-10-30T13:25:00.000000+0530,2024-10-30T14:10:00.000000+0530,321.5643,320.83727082046045,59,-58.99757914095863,TSL
JIOFIN_MINUTE,2024-10-30T14:15:00.000000+0530,2024-10-30T15:05:00.000000+0530,321.16422,320.82319590013446,59,-36.21574129302413,TSL
JIOFIN_MINUTE,2024-10-31T09:15:00.000000+0530,2024-10-31T10:45:00.000000+0530,319.91397,321.3572389679566,60,70.2328977314526,TSL
JIOFIN_MINUTE,2024-11-04T09:25:00.000000+0530,2024-11-04T10:10:00.000000+0530,322.66452000000004,321.2035420368552,59,-102.33191676864094,TSL
JIOFIN_MINUTE,2024-11-04T10:30:00.000000+0530,2024-11-04T12:10:00.000000+0530,320.06399999999996,319.99945486548063,60,-20.193842081718692,TSL
JIOFIN_MINUTE,2024-11-04T13:30:00.000000+0530,2024-11-04T14:55:00.000000+0530,320.06399999999996,319.7596657392966,60,-34.5732766115971,TSL
JIOFIN_MINUTE,2024-11-05T11:45:00.000000+0530,2024-11-05T13:45:00.000000+0530,319.66392,321.8745139003854,60,116.25982450440867,TP
JIOFIN_MINUTE,2024-11-07T09:25:00.000000+0530,2024-11-07T09:50:00.000000+0530,325.5651,324.59933348769715,59,-73.27597486754232,TSL
JIOFIN_MINUTE,2024-11-07T10:50:00.000000+0530,2024-11-07T11:15:00.000000+0530,323.21462999999994,322.6009527242666,59,-52.39625913516983,TSL
JIOFIN_MINUTE,2024-11-08T09:25:00.000000+0530,2024-11-08T09:35:00.000000+0530,320.81415,319.39767104055636,59,-99.61512348744122,TSL
JIOFIN_MINUTE,2024-11-08T12:10:00.000000+0530,2024-11-08T12:40:00.000000+0530,317.81355,317.1785190403321,60,-54.28939260840815,TSL
JIOFIN_MINUTE,2024-11-08T13:00:00.000000+0530,2024-11-08T13:40:00.000000+0530,317.0634,317.11187389702735,60,-13.263399216960238,TSL
